StoryId,NodeOrder,NodeId,NodeType,Text,CharacterId,PortraitId,NextNodeId,DimPortrait,KeepPortrait,UseTypingEffect,AutoAdvance,AutoAdvanceDelay,Memo
Normal_01,1,appointment_001,CharacterDialogue,반갑습니다. 이번에 제3재건지구로 발령받으셨다는 보고를 받았습니다.,Char_Danwol_01,D_01_00,appointment_002,FALSE,TRUE,FALSE,FALSE,0,
Normal_01,2,appointment_002,CharacterDialogue,공작청 차관님을 보좌하고 있는 리 시화입니다.,Char_Danwol_01,D_01_00,appointment_player_001,FALSE,TRUE,FALSE,FALSE,0,
Normal_01,3,appointment_player_001,PlayerDialogue,{PlayerName}입니다.,Char_Danwol_01,D_01_00,appointment_player_002,TRUE,TRUE,FALSE,FALSE,0,
Normal_01,4,appointment_player_002,PlayerDialogue,제3재건지구 현장감독관으로 부임했습니다. 잘 부탁드립니다.,Char_Danwol_01,D_01_00,appointment_003,TRUE,TRUE,FALSE,FALSE,0,
Normal_01,5,appointment_003,CharacterDialogue,앞으로 제3재건지구의 모든 작업 보고는 저에게 직접 하시면 됩니다.,Char_Danwol_01,D_01_00,appointment_004,FALSE,TRUE,FALSE,FALSE,0,
Normal_01,6,appointment_004,CharacterDialogue,부임한 지 한 달 정도 되셨죠. 이곳은 어떻습니까.,Char_Danwol_01,D_01_00,appointment_choice_001,FALSE,TRUE,FALSE,FALSE,0,
Normal_01,7,appointment_choice_001,Choice,,Char_Danwol_01,D_01_00,,TRUE,TRUE,FALSE,FALSE,0,
Normal_01,8,appointment_narration_001,Narration,"(리 시화는 고개를 끄덕였지만, 그 표정에는 별다른 감흥이 없어 보였다.)",Char_Danwol_01,D_01_00,appointment_005,TRUE,TRUE,FALSE,FALSE,0,
Normal_01,9,appointment_005,CharacterDialogue,구룡채성 출신이라고 들었습니다. 그런 배경이 감상에 영향을 줬을 수도 있겠군요.,Char_Danwol_01,D_01_00,appointment_006,FALSE,TRUE,FALSE,FALSE,0,
Normal_01,10,appointment_006,CharacterDialogue,"하지만 그건 중요하지 않습니다. 출신보다 중요한 건, 앞으로 당신이 어떻게 행동하느냐입니다.",Char_Danwol_01,D_01_00,appointment_narration_002,FALSE,TRUE,FALSE,FALSE,0,
Normal_01,11,appointment_narration_002,Narration,(리 시화는 책상 위에 구룡채성의 구조도를 펼쳤다.),Char_Danwol_01,D_01_00,appointment_007,TRUE,TRUE,FALSE,FALSE,0,
Normal_01,12,appointment_007,CharacterDialogue,이곳은 당신이 생각하는 것보다 훨씬 복잡한 이해관계가 얽혀 있습니다.,Char_Danwol_01,D_01_00,appointment_008,FALSE,TRUE,FALSE,FALSE,0,
Normal_01,13,appointment_008,CharacterDialogue,정부가 구룡채성을 관리하기 시작한 지도 얼마 되지 않았습니다. 그나마 몇몇 구역은 재건을 받아들였기에 여기까지 올 수 있었던 겁니다.,Char_Danwol_01,D_01_00,appointment_009,FALSE,TRUE,FALSE,FALSE,0,
Normal_01,14,appointment_009,CharacterDialogue,무슨 뜻인지 이해하셨으리라 생각합니다. 당신의 역할은 생각보다 훨씬 중요합니다.,Char_Danwol_01,D_01_00,appointment_narration_003,FALSE,TRUE,FALSE,FALSE,0,
Normal_01,15,appointment_narration_003,Narration,(무거운 침묵이 맴돌았다.),Char_Danwol_01,D_01_00,appointment_010,TRUE,TRUE,FALSE,FALSE,0,
Normal_01,16,appointment_010,CharacterDialogue,차관님의 보좌인 제가 직접 당신의 보고를 받는다는 것이 무슨 의미인지.,Char_Danwol_01,D_01_00,appointment_011,FALSE,TRUE,FALSE,FALSE,0,
Normal_01,17,appointment_011,CharacterDialogue,그만큼 정부가 이곳을 주시하고 있다는 뜻입니다.,Char_Danwol_01,D_01_00,appointment_012,FALSE,TRUE,FALSE,FALSE,0,
Normal_01,18,appointment_012,CharacterDialogue,부디 맡은 바를 다해주시길 바랍니다.,Char_Danwol_01,D_01_00,appointment_end,FALSE,TRUE,FALSE,FALSE,0,
Normal_01,19,appointment_end,End,,Char_Danwol_01,D_01_00,,FALSE,FALSE,FALSE,FALSE,0,
Normal_01,20,appointment_player_answer_001,PlayerDialogue,"솔직히 말해서, 최악에 가까웠습니다. 이곳엔 규칙도 없고, 무질서한 곳이니까요.",Char_Danwol_01,D_01_00,appointment_narration_001,TRUE,TRUE,FALSE,FALSE,0,
Normal_01,21,appointment_player_answer_002,PlayerDialogue,아직은 판단하기 어렵습니다. 조금 더 겪어봐야 제대로 알 수 있겠죠.,Char_Danwol_01,D_01_00,appointment_narration_001,TRUE,TRUE,FALSE,FALSE,0,
Normal_01,22,appointment_player_answer_003,PlayerDialogue,"생각보다 괜찮은 곳인 것 같습니다. 나름 질서도 있고, 사람들도 괜찮은 것 같고요.",Char_Danwol_01,D_01_00,appointment_narration_001,TRUE,TRUE,FALSE,FALSE,0,
Normal_02,1,Intro_01,Narration,"(지난달 발생한 구조물 붕괴로 인해, 구룡채성 일부 구역의 거주지가 완전히 파괴되었다.)",,,Intro_02,FALSE,FALSE,FALSE,FALSE,0,
Normal_02,2,Intro_02,Narration,(다시 난민이 된 것이나 다름없는 그들은 인근 구역으로 하나둘 몰려들기 시작했다.),,,Sihwa_01,FALSE,FALSE,FALSE,FALSE,0,
Normal_02,3,Sihwa_01,CharacterDialogue,지난달보다 안색이 더 나빠 보이는군요.,Char_Danwol_01,D_01_00,Choice_Condition,FALSE,FALSE,FALSE,FALSE,0,
Normal_02,4,Choice_Condition,Choice,,Char_Danwol_01,D_01_00,,TRUE,TRUE,FALSE,FALSE,0,
Normal_02,5,Condition_Nothing,PlayerDialogue,그런가요? 일이 조금 많아서 그런 것 같습니다. 별일 아닙니다.,Char_Danwol_01,D_01_00,Narration_01,TRUE,TRUE,FALSE,FALSE,0,
Normal_02,6,Condition_Housing,PlayerDialogue,지난달 동쪽 구역에서 구조물 붕괴가 있었습니다. 그곳 주민들이 거주지를 잃어 문제가 되고 있다고 들었습니다.,Char_Danwol_01,D_01_00,Narration_01,TRUE,TRUE,FALSE,FALSE,0,
Normal_02,7,Narration_01,Narration,(리 시화가 별 다를 반응 없이 그저 고개를 끄덕였다.),Char_Danwol_01,D_01_00,Sihwa_02,TRUE,TRUE,FALSE,FALSE,0,
Normal_02,8,Sihwa_02,CharacterDialogue,동쪽 구역의 건물 다수가 붕괴했다는 보고는 이미 받았습니다.,Char_Danwol_01,D_01_00,Sihwa_03,FALSE,TRUE,FALSE,FALSE,0,
Normal_02,9,Sihwa_03,CharacterDialogue,안타까운 일이군요. 하지만 어쩔 수 없는 일이기도 합니다.,Char_Danwol_01,D_01_00,Narration_02,FALSE,TRUE,FALSE,FALSE,0,
Normal_02,10,Narration_02,Narration,"(리 시화는 서류를 넘기며, 더 이상 이 주제에 관심이 없다는 듯했다.)",Char_Danwol_01,D_01_00,Sihwa_04,TRUE,TRUE,FALSE,FALSE,0,
Normal_02,11,Sihwa_04,CharacterDialogue,집을 잃은 부랑자들이 이 구역으로 몰려오려 한다는 것은 달갑지 않네요.,Char_Danwol_01,D_01_01,Sihwa_05,FALSE,TRUE,FALSE,FALSE,0,
Normal_02,12,Sihwa_05,CharacterDialogue,이곳은 겨우 정부가 관리하게 된 몇 안 되는 구역입니다. 예고 없는 유입은 혼란만 야기할 뿐이죠.,Char_Danwol_01,D_01_01,Sihwa_06,FALSE,TRUE,FALSE,FALSE,0,
Normal_02,13,Sihwa_06,CharacterDialogue,탐탁지 않아 보이는 표정이네요. 하고 싶은 말이라도 있으신가요?,Char_Danwol_01,D_01_00,Choice_Refugee,FALSE,TRUE,FALSE,FALSE,0,
Normal_02,14,Choice_Refugee,Choice,,Char_Danwol_01,D_01_00,,TRUE,TRUE,FALSE,FALSE,0,
Normal_02,15,Refugee_Expel,PlayerDialogue,"아뇨. 저 역시 동의합니다. 이 구역으로 들어오려는 사람들은 미리 막고, 필요하다면 내보내는 편이 좋다고 생각합니다.",Char_Danwol_01,D_01_00,Sihwa_07,TRUE,TRUE,FALSE,FALSE,0,
Normal_02,16,Refugee_Sympathy,PlayerDialogue,그게 아니라... 그들이 안타깝게 느껴져서요. 하루아침에 집을 잃은 사람들이니까요.,Char_Danwol_01,D_01_00,Sihwa_07,TRUE,TRUE,FALSE,FALSE,0,
Normal_02,17,Refugee_Build,PlayerDialogue,제3재건지구에 주거 시설을 조금 더 늘린다면 그들을 일부라도 수용할 수 있지 않을까요?,Char_Danwol_01,D_01_00,Refugee_Build_02,TRUE,TRUE,FALSE,FALSE,0,
Normal_02,18,Refugee_Build_02,PlayerDialogue,"아직 개발되지 않은 공간도 남아 있고, 계획된 건물 중 주거 시설의 비중만 조금 늘리면 가능할 것 같습니다.",Char_Danwol_01,D_01_00,Sihwa_07,TRUE,TRUE,FALSE,FALSE,0,
Normal_02,19,Sihwa_07,CharacterDialogue,당신의 생각은 알겠습니다. 하지만 그것은 당신이 고민할 일이 아닙니다.,Char_Danwol_01,D_01_00,Sihwa_08,FALSE,TRUE,FALSE,FALSE,0,
Normal_02,20,Sihwa_08,CharacterDialogue,"이곳은 당신의 직장입니다. 당신의 연민도, 선의도, 개인적인 신념도. 이곳에서는 고려 대상이 아닙니다.",Char_Danwol_01,D_01_00,Sihwa_09,FALSE,TRUE,FALSE,FALSE,0,
Normal_02,21,Sihwa_09,CharacterDialogue,"한 사람을 받아들이는 것은 한 채의 집만 비우는 일이 아닙니다. 식량과 자재, 인력, 치안까지 모두 다시 계산해야 하죠.",Char_Danwol_01,D_01_00,Sihwa_10,FALSE,TRUE,FALSE,FALSE,0,
Normal_02,22,Sihwa_10,CharacterDialogue,부디 헛된 생각은 품지 않으셨으면 좋겠네요. 관리자가 바뀔 때마다 다시 교육해야 하는 제 입장도 유쾌하지만은 않으니까요.,Char_Danwol_01,D_01_00,Sihwa_11,FALSE,TRUE,FALSE,FALSE,0,
Normal_02,23,Sihwa_11,CharacterDialogue,곧 정부가 예민해질 시기입니다. 괜한 일에 휘말리지 않는 것을 추천드리죠.,Char_Danwol_01,D_01_00,Narration_03,FALSE,TRUE,FALSE,FALSE,0,
Normal_02,24,Narration_03,Narration,(잠시 정적이 흘렀다.),Char_Danwol_01,D_01_00,Sihwa_12,TRUE,TRUE,FALSE,FALSE,0,
Normal_02,25,Sihwa_12,CharacterDialogue,뭐. 저는 보고를 받는 입장일 뿐입니다. 모든 것은 당신의 선택에 달려 있겠죠.,Char_Danwol_01,D_01_00,End,FALSE,TRUE,FALSE,FALSE,0,
Normal_02,26,End,End,,,,,FALSE,FALSE,FALSE,FALSE,0,
Normal_03,1,Intro_01,Narration,(서로 다른 보고서 세 장이 책상 위에 놓였다.),,,Intro_02,FALSE,FALSE,FALSE,FALSE,0,
Normal_03,2,Intro_02,Narration,(내용은 모두 같지 않았다.),,,Sihwa_01,FALSE,FALSE,FALSE,FALSE,0,
Normal_03,3,Sihwa_01,CharacterDialogue,책상 위의 보고서들 읽어 보셨나요?,Char_Danwol_01,D_01_00,Sihwa_02,FALSE,FALSE,FALSE,FALSE,0,
Normal_03,4,Sihwa_02,CharacterDialogue,함부로 봤다고 뭐라 하진 않겠습니다. 부주의하게 이곳에 둔 제 잘못도 있으니까요.,Char_Danwol_01,D_01_00,Sihwa_03,FALSE,TRUE,FALSE,FALSE,0,
Normal_03,5,Sihwa_03,CharacterDialogue,"어찌됐든, 보셨다고 하니 당신의 의견도 묻고 싶네요. 당신은 이들에 대해서 어떻게 생각하시나요?",Char_Danwol_01,D_01_00,Choice_Question,FALSE,TRUE,FALSE,FALSE,0,
Normal_03,6,Choice_Question,Choice,,Char_Danwol_01,D_01_00,Choice_Question,TRUE,TRUE,FALSE,FALSE,0,
Normal_03,7,A_000,PlayerDialogue,보고서에 적힌 홍련귀는.. 그 범죄 집단에 적힌 것이 맞나요?,Char_Danwol_01,D_01_00,A_Sihwa_01,TRUE,TRUE,FALSE,FALSE,0,
Normal_03,8,A_Sihwa_01,CharacterDialogue,홍련귀에 대한 보고서를 읽으셨군요. 홍련귀의 사람들은 만나보셨나요?,Char_Danwol_01,D_01_00,A_Narration_01,FALSE,TRUE,FALSE,FALSE,0,
Normal_03,9,A_Narration_01,Narration,(리 시화가 마치 이미 답을 알고 있다는 듯한 눈빛으로 바라본다.),Char_Danwol_01,D_01_00,A_Sihwa_02,FALSE,TRUE,FALSE,FALSE,0,
Normal_03,10,A_Sihwa_02,CharacterDialogue,굳이 숨기려고 하지 않아도 됩니다. 이곳에 있는 이상 어떤 형태로든 접촉했겠죠.,Char_Danwol_01,D_01_02,A_Sihwa_03,FALSE,TRUE,FALSE,FALSE,0,
Normal_03,11,A_Sihwa_03,CharacterDialogue,어디든 법과 질서가 닿지 않는 그림자에선 범죄자들이 존재하는 법이니까요.,Char_Danwol_01,D_01_00,A_Sihwa_04,FALSE,TRUE,FALSE,FALSE,0,
Normal_03,12,A_Sihwa_04,CharacterDialogue,"그래서, 당신이 만난 사람은 어땠죠?",Char_Danwol_01,D_01_00,A_Choice_Feelings,FALSE,TRUE,FALSE,FALSE,0,
Normal_03,13,A_Choice_Feelings,Choice,,Char_Danwol_01,D_01_00,A_Choice_Feelings,TRUE,TRUE,FALSE,FALSE,0,
Normal_03,14,A_Fear,PlayerDialogue,"솔직히.. 무서웠습니다. 아무래도, 범죄 집단의 사람이니까요.",Char_Danwol_01,D_01_00,A_Narration_02,TRUE,TRUE,FALSE,FALSE,0,
Normal_03,15,A_Narration_02,Narration,(리 시화는 그저 고개를 끄덕였다.),Char_Danwol_01,D_01_00,A_Sihwa_05,TRUE,TRUE,FALSE,FALSE,0,
Normal_03,16,A_Sihwa_05,CharacterDialogue,그게 일반적인 반응이긴 하죠. 꽤나 강렬한 인상을 남겼나 보군요.,Char_Danwol_01,D_01_00,A_Sihwa_06,FALSE,TRUE,FALSE,FALSE,0,
Normal_03,17,A_Sihwa_06,CharacterDialogue,경계를 하는 것은 좋은 자세입니다. 이곳에서 홍련귀가 아무 이유 없이 접근하진 않을테니까요.,Char_Danwol_01,D_01_00,A_Sihwa_07,FALSE,TRUE,FALSE,FALSE,0,
Normal_03,18,A_Sihwa_07,CharacterDialogue,그렇다고 자신이 가진 두려움을 상대에게 바로 내보이는 것은 좋은 방법은 아닙니다.,Char_Danwol_01,D_01_00,A_Sihwa_17,FALSE,TRUE,FALSE,FALSE,0,
Normal_03,19,A_Normal,PlayerDialogue,그냥.. 평범했던 것 같습니다. 일반 사람들이랑 똑같이요.,Char_Danwol_01,D_01_00,A_Narration_03,TRUE,TRUE,FALSE,FALSE,0,
Normal_03,20,A_Narration_03,Narration,(리 시화가 담담히 고개를 끄덕였다.),Char_Danwol_01,D_01_00,A_Sihwa_08,TRUE,TRUE,FALSE,FALSE,0,
Normal_03,21,A_Sihwa_08,CharacterDialogue,범죄자라고 해서 모두가 악인과 같은 얼굴을 하고 있진 않죠.,Char_Danwol_01,D_01_00,A_Sihwa_09,FALSE,TRUE,FALSE,FALSE,0,
Normal_03,22,A_Sihwa_09,CharacterDialogue,결국엔 그들도 이 나라에 뿌리를 두고 있는 이들이니까요.,Char_Danwol_01,D_01_00,A_Sihwa_10,FALSE,TRUE,FALSE,FALSE,0,
Normal_03,23,A_Sihwa_10,CharacterDialogue,물론 언젠가 완전히 뽑아버려야 하는 썩은 뿌리지만요.,Char_Danwol_01,D_01_01,A_Sihwa_11,FALSE,TRUE,FALSE,FALSE,0,
Normal_03,24,A_Sihwa_11,CharacterDialogue,오히려 주위의 사람을 수록 더욱 경계하는 것이 오래 살아남기에 적합한 방법이죠.,Char_Danwol_01,D_01_00,A_Sihwa_17,FALSE,TRUE,FALSE,FALSE,0,
Normal_03,25,A_Kind,PlayerDialogue,그 사람은.. 친절했습니다. 꽤나 호의적이였어요.,Char_Danwol_01,D_01_00,A_Narration_04,TRUE,TRUE,FALSE,FALSE,0,
Normal_03,26,A_Narration_04,Narration,(리 시화가 의외라는 듯 서안을 바라봤다.),Char_Danwol_01,D_01_00,A_Sihwa_12,TRUE,TRUE,FALSE,FALSE,0,
Normal_03,27,A_Sihwa_12,CharacterDialogue,"친절이라, 꽤나 홍련귀와의 만남이 나쁘지 않았나 보네요.",Char_Danwol_01,D_01_00,A_Sihwa_13,FALSE,TRUE,FALSE,FALSE,0,
Normal_03,28,A_Sihwa_13,CharacterDialogue,그렇다면 당신에게 묻고 싶은 것이 있습니다.,Char_Danwol_01,D_01_00,A_Sihwa_14,FALSE,TRUE,FALSE,FALSE,0,
Normal_03,29,A_Sihwa_14,CharacterDialogue,"홍련귀의 사람과 만났을 때, 그가 당신이 누군지 알고 있는 것 같았습니까?",Char_Danwol_01,D_01_00,A_Narration_05,FALSE,TRUE,FALSE,FALSE,0,
Normal_03,30,A_Narration_05,Narration,(리 시화가 서안의 반응을 바라봤다.),Char_Danwol_01,D_01_00,A_Sihwa_15,TRUE,TRUE,FALSE,FALSE,0,
Normal_03,31,A_Sihwa_15,CharacterDialogue,그렇군요.,Char_Danwol_01,D_01_00,A_Sihwa_16,FALSE,TRUE,FALSE,FALSE,0,
Normal_03,32,A_Sihwa_16,CharacterDialogue,이곳에서 타인의 친절을 바라는 것만큼 멍청한 짓은 없을 겁니다.,Char_Danwol_01,D_01_00,A_Sihwa_17,FALSE,TRUE,FALSE,FALSE,0,
Normal_03,33,A_Sihwa_17,CharacterDialogue,"당신이 홍련귀에게 어떤 감상을 느꼈던, 이 사실만은 꼭 기억하고 있는 것이 좋겠네요.",Char_Danwol_01,D_01_00,A_Sihwa_18,FALSE,TRUE,FALSE,FALSE,0,
Normal_03,34,A_Sihwa_18,CharacterDialogue,"그들이 어떤 모습을 하고 있던, 당신을 어떻게 대하던 그들은 결국 범죄 조직입니다.",Char_Danwol_01,D_01_00,A_Sihwa_19,FALSE,TRUE,FALSE,FALSE,0,
Normal_03,35,A_Sihwa_19,CharacterDialogue,그것도 아주 옛날부터 이 구룡채성에서 뿌리를 내리고 있는 이들이요.,Char_Danwol_01,D_01_00,A_Sihwa_20,FALSE,TRUE,FALSE,FALSE,0,
Normal_03,36,A_Sihwa_20,CharacterDialogue,그 사실 만은 절대 변하지 않으니까요.,Char_Danwol_01,D_01_00,Sihwa_04,FALSE,TRUE,FALSE,FALSE,0,
Normal_03,37,B_000,PlayerDialogue,"야서라면, 구룡채성에 있는 그 혁명단에 대해 적혀 있는 것이더군요.",Char_Danwol_01,D_01_00,B_Sihwa_01,TRUE,TRUE,FALSE,FALSE,0,
Normal_03,38,B_Sihwa_01,CharacterDialogue,야서에 대한 보고서를 읽어보셨군요. 이 구룡채성 안에서도 혁명 집단이랄 것이 있는 것이 신기할 정도이죠.,Char_Danwol_01,D_01_00,B_Sihwa_02,FALSE,TRUE,FALSE,FALSE,0,
Normal_03,39,B_Sihwa_02,CharacterDialogue,"일단 혁명 집단을 표방하고 있긴 하지만, 그들이 저항하는 것은 홍련귀이기에 정부측에서 그리 관심을 둘 이들은 아니기도 하고요.",Char_Danwol_01,D_01_00,B_Sihwa_03,FALSE,TRUE,FALSE,FALSE,0,
Normal_03,40,B_Sihwa_03,CharacterDialogue,물론 그 규모가 작은 것과 만들어진지 오래 지나지 않은 이유도 있습니다.,Char_Danwol_01,D_01_00,B_Sihwa_04,FALSE,TRUE,FALSE,FALSE,0,
Normal_03,41,B_Sihwa_04,CharacterDialogue,당신은 야서라는 단체에 소속된 이를 만난 것 같아 보이네요.,Char_Danwol_01,D_01_00,B_Sihwa_05,FALSE,TRUE,FALSE,FALSE,0,
Normal_03,42,B_Sihwa_05,CharacterDialogue,당신이 만난 그들은 어땠나요?,Char_Danwol_01,D_01_00,B_Choice_Feelings,FALSE,TRUE,FALSE,FALSE,0,
Normal_03,43,B_Choice_Feelings,Choice,,Char_Danwol_01,D_01_00,,TRUE,TRUE,FALSE,FALSE,0,
Normal_03,44,B_Moderate,PlayerDialogue,"제가 만난 사람은 혁명단이라는 이름과 다르게 온건했습니다. 정중했고, 친절했습니다.",Char_Danwol_01,D_01_00,B_Narration_01,TRUE,TRUE,FALSE,FALSE,0,
Normal_03,45,B_Narration_01,Narration,(리 시화가 고개를 끄덕였다.),Char_Danwol_01,D_01_00,B_Sihwa_06,TRUE,TRUE,FALSE,FALSE,0,
Normal_03,46,B_Sihwa_06,CharacterDialogue,그렇군요. 혁명이라는 이름을 내걸고 있다고 모두가 과격할 이유는 없죠.,Char_Danwol_01,D_01_00,B_Sihwa_07,FALSE,TRUE,FALSE,FALSE,0,
Normal_03,47,B_Sihwa_07,CharacterDialogue,"야서는 결국에 홍련귀에 대항하여 자신들을, 구룡채성에 사는 이들의 안전과 권리를 지킨다는 명분을 내걸고 있으니까요.",Char_Danwol_01,D_01_00,B_Sihwa_08,FALSE,TRUE,FALSE,FALSE,0,
Normal_03,48,B_Sihwa_08,CharacterDialogue,그들이 말하는 권리가 어디까지를 말하는 것 일지는 두고봐야 하겠지만요.,Char_Danwol_01,D_01_00,B_Sihwa_19,FALSE,TRUE,FALSE,FALSE,0,
Normal_03,49,B_Warily,PlayerDialogue,만났던 그 사람은 저를 경계하는 것 같았습니다.,Char_Danwol_01,D_01_00,B_Narration_02,TRUE,TRUE,FALSE,FALSE,0,
Normal_03,50,B_Narration_02,Narration,(리 시화가 잠시 생각에 잠긴 듯 느리게 고개를 끄덕였다),Char_Danwol_01,D_01_00,B_Sihwa_09,TRUE,TRUE,FALSE,FALSE,0,
Normal_03,51,B_Sihwa_09,CharacterDialogue,경계라. 그럴 수도 있겠군요.,Char_Danwol_01,D_01_00,B_Sihwa_10,FALSE,TRUE,FALSE,FALSE,0,
Normal_03,52,B_Sihwa_10,CharacterDialogue,그들에겐 홍련귀나 저희나 똑같이 느껴졌을 수도 있으니까요.,Char_Danwol_01,D_01_00,B_Sihwa_11,FALSE,TRUE,FALSE,FALSE,0,
Normal_03,53,B_Sihwa_11,CharacterDialogue,자신들과 그 밖의 것들. 이분법적인 사고지만 자신들을 지키고 숨기에는 가장 좋은 방법일 테니까요.,Char_Danwol_01,D_01_00,B_Sihwa_12,FALSE,TRUE,FALSE,FALSE,0,
Normal_03,54,B_Sihwa_12,CharacterDialogue,하지만 그 경계를 직접 내보이는 것과 경계를 숨긴 채 대하는 것은 다른 것이긴 하죠.,Char_Danwol_01,D_01_00,B_Sihwa_13,FALSE,TRUE,FALSE,FALSE,0,
Normal_03,55,B_Sihwa_13,CharacterDialogue,"전자라면 저희가 신경 쓸 바는 별로 없겠지만 후자라면, 두고 봐야겠네요.",Char_Danwol_01,D_01_00,B_Sihwa_19,FALSE,TRUE,FALSE,FALSE,0,
Normal_03,56,B_Special,PlayerDialogue,그는 어딘가.. 이곳 사람 같지는 않았습니다. 어딘가 눈에 띄는 사람이였어요.,Char_Danwol_01,D_01_00,B_Narration_03,TRUE,TRUE,FALSE,FALSE,0,
Normal_03,57,B_Narration_03,Narration,"(리 시화가 침묵 했다. 꽤나 오래 생각에 잠긴 듯 했고, 서안을 바라봤다.)",Char_Danwol_01,D_01_01,B_Sihwa_14,TRUE,TRUE,FALSE,FALSE,0,
Normal_03,58,B_Sihwa_14,CharacterDialogue,이곳 사람 같지 않았다. 꽤나 특이한 판단이네요.,Char_Danwol_01,D_01_00,B_Sihwa_15,FALSE,TRUE,FALSE,FALSE,0,
Normal_03,59,B_Sihwa_15,CharacterDialogue,어째서 그런 생각을 하게 된 거죠?,Char_Danwol_01,D_01_00,B_Narration_04,FALSE,TRUE,FALSE,FALSE,0,
Normal_03,60,B_Narration_04,Narration,(리 시화가 서안의 대답을 기다렸다.),Char_Danwol_01,D_01_00,B_Sihwa_16,TRUE,TRUE,FALSE,FALSE,0,
Normal_03,61,B_Sihwa_16,CharacterDialogue,감이라. 그건 당신이 이곳 출신이기 때문에 할 수 있는 말인가요?,Char_Danwol_01,D_01_00,B_Sihwa_17,FALSE,TRUE,FALSE,FALSE,0,
Normal_03,62,B_Sihwa_17,CharacterDialogue,감이란 건 주장을 뒷받침 하는 근거가 되기엔 신뢰도가 부족하죠.,Char_Danwol_01,D_01_00,B_Sihwa_18,FALSE,TRUE,FALSE,FALSE,0,
Normal_03,63,B_Sihwa_18,CharacterDialogue,"…하지만 그래요. 당신이 그렇게 느꼈다면, 더 지켜보는 것도 좋을 것 같네요.",Char_Danwol_01,D_01_00,B_Sihwa_19,FALSE,TRUE,FALSE,FALSE,0,
Normal_03,64,B_Sihwa_19,CharacterDialogue,어찌됐건 야서도 결국엔 이곳 구룡채성에 사는 이들 중 하나죠.,Char_Danwol_01,D_01_00,B_Sihwa_20,FALSE,TRUE,FALSE,FALSE,0,
Normal_03,65,B_Sihwa_20,CharacterDialogue,그렇지만 홍련귀와 무력투쟁을 불사하는 만큼 어느 정도는 주시하고 있는게 좋겠네요.,Char_Danwol_01,D_01_00,B_Sihwa_21,FALSE,TRUE,FALSE,FALSE,0,
Normal_03,66,B_Sihwa_21,CharacterDialogue,이것 하나만은 명심하도록 하세요.,Char_Danwol_01,D_01_00,B_Sihwa_22,FALSE,TRUE,FALSE,FALSE,0,
Normal_03,67,B_Sihwa_22,CharacterDialogue,"그들에게 너무 몰입하지마세요. 그들의 이유를, 명분을 파고들지 마세요.",Char_Danwol_01,D_01_00,Sihwa_04,FALSE,TRUE,FALSE,FALSE,0,
Normal_03,68,C_000,PlayerDialogue,잘..모르겠습니다.,Char_Danwol_01,D_01_00,C_Sihwa_01,TRUE,TRUE,FALSE,FALSE,0,
Normal_03,69,C_Sihwa_01,CharacterDialogue,봐도 잘 모르겠다라. 당신은 일에만 집중하고 있나 보네요. 좋은 자세 입니다.,Char_Danwol_01,D_01_02,C_Sihwa_02,FALSE,TRUE,FALSE,FALSE,0,
Normal_03,70,C_Sihwa_02,CharacterDialogue,앞으로도 그 태도를 유지해주시면 좋겠어요.,Char_Danwol_01,D_01_02,C_Sihwa_03,FALSE,TRUE,FALSE,FALSE,0,
Normal_03,71,C_Sihwa_03,CharacterDialogue,"당신이 해야하는 일이 무엇인지, 무엇 덕분에 그 자리에 설 수 있는지를 잘 기억하면서 말이죠.",Char_Danwol_01,D_01_00,C_Sihwa_04,FALSE,TRUE,FALSE,FALSE,0,
Normal_03,72,C_Sihwa_04,CharacterDialogue,이곳에 너무 정 붙이지 마시길 바라죠.,Char_Danwol_01,D_01_00,Sihwa_04,FALSE,TRUE,FALSE,FALSE,0,
Normal_03,73,Sihwa_04,CharacterDialogue,제가 이렇게 말하긴 했지만 당신이 하는 모든 바를 제가 막을 순 없겠죠.,Char_Danwol_01,D_01_00,Sihwa_05,FALSE,TRUE,FALSE,FALSE,0,
Normal_03,74,Sihwa_05,CharacterDialogue,"당신이 이곳에 있는 이상, 필연적으로 집중을 받을 수 밖에 없는 자리니까요.",Char_Danwol_01,D_01_00,Sihwa_06,FALSE,TRUE,FALSE,FALSE,0,
Normal_03,75,Sihwa_06,CharacterDialogue,"당신이 누구와 만나는 지는 자유지만, 자신의 위치와 맡은 바를 잘 기억하도록 하세요.",Char_Danwol_01,D_01_00,end,FALSE,TRUE,FALSE,FALSE,0,
Normal_03,76,end,End,,,,,FALSE,TRUE,FALSE,FALSE,0,
Normal_04,1,Narration_01,Narration,({UserName}가 이번 달의 보고를 위해 리 시화의 사무실을 찾았다.),,,Narration_02,FALSE,FALSE,FALSE,FALSE,0,
Normal_04,2,Narration_02,Narration,(리 시화는 {UserName}가 건넨 보고서를 천천히 넘겨보았다.),,,Narration_03,FALSE,FALSE,FALSE,FALSE,0,
Normal_04,3,Narration_03,Narration,(몇 장을 넘기던 손이 멈췄다.),,,Sihwa_01,FALSE,FALSE,FALSE,FALSE,0,
Normal_04,4,Sihwa_01,CharacterDialogue,이번 달은 꽤 조용했네요.,Char_Danwol_01,D_01_00,Sihwa_02,FALSE,FALSE,FALSE,FALSE,0,
Normal_04,5,Sihwa_02,CharacterDialogue,"별다른 사고도 없었고, 보고할 만한 특이사항도 없고.",Char_Danwol_01,D_01_00,Sihwa_03,FALSE,TRUE,FALSE,FALSE,0,
Normal_04,6,Sihwa_03,CharacterDialogue,처음 이곳에 왔을 때와 비교하면 믿기 어려울 정도로요.,Char_Danwol_01,D_01_00,Narration_04,FALSE,TRUE,FALSE,FALSE,0,
Normal_04,7,Narration_04,Narration,(리 시화가 보고서를 책상 위에 내려놓았다.),Char_Danwol_01,D_01_00,Sihwa_04,TRUE,TRUE,FALSE,FALSE,0,
Normal_04,8,Sihwa_04,CharacterDialogue,어떠신가요?,Char_Danwol_01,D_01_00,Sihwa_05,FALSE,TRUE,FALSE,FALSE,0,
Normal_04,9,Sihwa_05,CharacterDialogue,"이제 이곳에서 지낸 지도 어느 정도 시간이 지났으니, 당신도 구룡채성이라는 곳에 조금은 익숙해졌을 것 같은데요.",Char_Danwol_01,D_01_00,Sihwa_06,FALSE,TRUE,FALSE,FALSE,0,
Normal_04,10,Sihwa_06,CharacterDialogue,이렇게 조용한 구룡채성을 보고 있으니 무슨 생각이 드나요?,Char_Danwol_01,D_01_00,Choice_Think,FALSE,TRUE,FALSE,FALSE,0,
Normal_04,11,Choice_Think,Choice,,Char_Danwol_01,D_01_00,,TRUE,TRUE,FALSE,FALSE,0,
Normal_04,12,Peaceful,PlayerDialogue,평화로워서 좋았습니다. 조금 어색하긴 하지만.. 그래도요.,Char_Danwol_01,D_01_00,A_001,TRUE,TRUE,FALSE,FALSE,0,
Normal_04,13,A_001,Narration,(리 시화가 작게 웃었다.),Char_Danwol_01,D_01_02,A_Sihwa_01,TRUE,TRUE,FALSE,FALSE,0,
Normal_04,14,A_Sihwa_01,CharacterDialogue,평화로워서 좋다라.,Char_Danwol_01,D_01_02,A_Sihwa_02,FALSE,TRUE,FALSE,FALSE,0,
Normal_04,15,A_Sihwa_02,CharacterDialogue,그럴 수 있겠네요. 언제나 사건이 일어나야 할 이유는 없으니까요.,Char_Danwol_01,D_01_02,A_Sihwa_03,FALSE,TRUE,FALSE,FALSE,0,
Normal_04,16,A_Sihwa_03,CharacterDialogue,오히려 이런 날들이 계속되는 것이 저희에게는 가장 좋은 일이겠죠.,Char_Danwol_01,D_01_02,A_Narration_01,FALSE,TRUE,FALSE,FALSE,0,
Normal_04,17,A_Narration_01,Narration,(리 시화가 책상 위의 보고서를 손끝으로 가볍게 두드렸다.),Char_Danwol_01,D_01_00,A_Sihwa_04,TRUE,TRUE,FALSE,FALSE,0,
Normal_04,18,A_Sihwa_04,CharacterDialogue,아무 일도 일어나지 않았다는 내용의 보고서.,Char_Danwol_01,D_01_00,A_Sihwa_05,FALSE,TRUE,FALSE,FALSE,0,
Normal_04,19,A_Sihwa_05,CharacterDialogue,어쩌면 제가 가장 받고 싶은 보고서일지도 모르겠네요.,Char_Danwol_01,D_01_02,A_Sihwa_06,FALSE,TRUE,FALSE,FALSE,0,
Normal_04,20,A_Sihwa_06,CharacterDialogue,하지만 한 가지는 기억해두세요.,Char_Danwol_01,D_01_00,A_Sihwa_07,FALSE,TRUE,FALSE,FALSE,0,
Normal_04,21,A_Sihwa_07,CharacterDialogue,평화롭다는 것과 아무 일도 일어나고 있지 않다는 것은 다른 말입니다.,Char_Danwol_01,D_01_00,A_Sihwa_08,FALSE,TRUE,FALSE,FALSE,0,
Normal_04,22,A_Sihwa_08,CharacterDialogue,우리가 보지 못하는 곳에서 일어나는 일까지 사라진 것은 아니니까요.,Char_Danwol_01,D_01_00,A_Sihwa_09,FALSE,TRUE,FALSE,FALSE,0,
Normal_04,23,A_Sihwa_09,CharacterDialogue,"그러니 지금의 평화를 누리는 것은 좋지만, 그것이 당연하다고 생각하지는 마세요.",Char_Danwol_01,D_01_00,Narration_05,FALSE,TRUE,FALSE,FALSE,0,
Normal_04,24,Uneasy,PlayerDialogue,이곳에서 조용한 적이 별로 없어서 그런지.. 오히려 조금 불안합니다.,Char_Danwol_01,D_01_00,B_001,TRUE,TRUE,FALSE,FALSE,0,
Normal_04,25,B_001,Narration,(리 시화가 흥미롭다는 듯 {UserName}를 바라봤다.),Char_Danwol_01,D_01_00,B_Sihwa_01,TRUE,TRUE,FALSE,FALSE,0,
Normal_04,26,B_Sihwa_01,CharacterDialogue,불안하다.,Char_Danwol_01,D_01_00,B_Sihwa_02,FALSE,TRUE,FALSE,FALSE,0,
Normal_04,27,B_Sihwa_02,CharacterDialogue,아무 일도 일어나지 않았는데 말인가요?,Char_Danwol_01,D_01_00,B_Narration_01,FALSE,TRUE,FALSE,FALSE,0,
Normal_04,28,B_Narration_01,Narration,(잠시 침묵이 이어졌다.),Char_Danwol_01,D_01_00,B_Sihwa_03,TRUE,TRUE,FALSE,FALSE,0,
Normal_04,29,B_Sihwa_03,CharacterDialogue,그래도 나쁘지 않은 감각이네요.,Char_Danwol_01,D_01_00,B_Sihwa_04,FALSE,TRUE,FALSE,FALSE,0,
Normal_04,30,B_Sihwa_04,CharacterDialogue,이곳에선 조용하다는 것이 반드시 좋은 의미만을 가지진 않으니까요.,Char_Danwol_01,D_01_00,B_Sihwa_05,FALSE,TRUE,FALSE,FALSE,0,
Normal_04,31,B_Sihwa_05,CharacterDialogue,물론 아무 일도 없는데 괜한 의심을 품고 사는 것도 피곤한 일이겠지만요.,Char_Danwol_01,D_01_00,B_Sihwa_06,FALSE,TRUE,FALSE,FALSE,0,
Normal_04,32,B_Sihwa_06,CharacterDialogue,그렇다고 해서 너무 안심하는 것보다는 나을지도 모르겠네요.,Char_Danwol_01,D_01_00,B_Narration_02,FALSE,TRUE,FALSE,FALSE,0,
Normal_04,33,B_Narration_02,Narration,(리 시화가 다시 보고서를 펼쳤다.),Char_Danwol_01,D_01_00,B_Sihwa_07,TRUE,TRUE,FALSE,FALSE,0,
Normal_04,34,B_Sihwa_07,CharacterDialogue,사람은 눈앞에서 문제가 사라지면 문제가 해결되었다고 생각하는 경향이 있죠.,Char_Danwol_01,D_01_00,B_Sihwa_08,FALSE,TRUE,FALSE,FALSE,0,
Normal_04,35,B_Sihwa_08,CharacterDialogue,하지만 보이지 않는 것과 존재하지 않는 것은 전혀 다른 이야기입니다.,Char_Danwol_01,D_01_00,B_Sihwa_09,FALSE,TRUE,FALSE,FALSE,0,
Normal_04,36,B_Sihwa_09,CharacterDialogue,특히 이곳에서는 더더욱.,Char_Danwol_01,D_01_00,B_Sihwa_10,FALSE,TRUE,FALSE,FALSE,0,
Normal_04,37,B_Sihwa_10,CharacterDialogue,당신이 느낀 불안이 단순한 기우인지 아닌지는 조금 더 지나봐야 알겠지만요.,Char_Danwol_01,D_01_00,Narration_05,FALSE,TRUE,FALSE,FALSE,0,
Normal_04,38,Accustomed,PlayerDialogue,"이제 조금 익숙해진 것 같습니다. 이곳도, 일하는 것도요.",Char_Danwol_01,D_01_00,C_001,TRUE,TRUE,FALSE,FALSE,0,
Normal_04,39,C_001,Narration,(리 시화가 잠시 {UserName}를 바라봤다.),Char_Danwol_01,D_01_00,C_Sihwa_01,TRUE,TRUE,FALSE,FALSE,0,
Normal_04,40,C_Sihwa_01,CharacterDialogue,익숙해졌다.,Char_Danwol_01,D_01_00,C_Sihwa_02,FALSE,TRUE,FALSE,FALSE,0,
Normal_04,41,C_Sihwa_02,CharacterDialogue,벌써 그렇게 느끼시나요?,Char_Danwol_01,D_01_00,C_Narration_01,FALSE,TRUE,FALSE,FALSE,0,
Normal_04,42,C_Narration_01,CharacterDialogue,(리 시화가 의자에 등을 기대었다.),Char_Danwol_01,D_01_00,C_Sihwa_03,TRUE,TRUE,FALSE,FALSE,0,
Normal_04,43,C_Sihwa_03,CharacterDialogue,처음 이곳에 왔을 때의 당신이라면 그런 말을 하지는 않았을 것 같은데요.,Char_Danwol_01,D_01_02,C_Sihwa_04,FALSE,TRUE,FALSE,FALSE,0,
Normal_04,44,C_Sihwa_04,CharacterDialogue,사람은 생각보다 빠르게 환경에 적응하죠.,Char_Danwol_01,D_01_00,C_Sihwa_05,FALSE,TRUE,FALSE,FALSE,0,
Normal_04,45,C_Sihwa_05,CharacterDialogue,"처음에는 이상하게 느껴졌던 것도 매일 보다 보면 평범해지고, 불편했던 것도 어느 순간 당연하게 받아들이게 되고.",Char_Danwol_01,D_01_00,C_Sihwa_06,FALSE,TRUE,FALSE,FALSE,0,
Normal_04,46,C_Sihwa_06,CharacterDialogue,그렇게 생각하면 익숙해진다는 것은 참 편리한 일이네요.,Char_Danwol_01,D_01_02,C_Narration_02,FALSE,TRUE,FALSE,FALSE,0,
Normal_04,47,C_Narration_02,Narration,(리 시화가 잠시 말을 멈췄다.),Char_Danwol_01,D_01_00,C_Sihwa_07,TRUE,TRUE,FALSE,FALSE,0,
Normal_04,48,C_Sihwa_07,CharacterDialogue,동시에 위험한 일이기도 하고요.,Char_Danwol_01,D_01_00,C_Sihwa_08,FALSE,TRUE,FALSE,FALSE,0,
Normal_04,49,C_Sihwa_08,CharacterDialogue,"이곳의 방식에 익숙해지는 것과, 이곳의 방식을 당연하다고 생각하는 것은 다른 일이니까요.",Char_Danwol_01,D_01_00,C_Sihwa_09,FALSE,TRUE,FALSE,FALSE,0,
Normal_04,50,C_Sihwa_09,CharacterDialogue,당신이 어느 쪽인지는 스스로 잘 생각해보시길 바라죠.,Char_Danwol_01,D_01_02,Narration_05,FALSE,TRUE,FALSE,FALSE,0,
Normal_04,51,Narration_05,Narration,(리 시화가 보고서를 덮었다.),Char_Danwol_01,D_01_00,Sihwa_07,TRUE,TRUE,FALSE,FALSE,0,
Normal_04,52,Sihwa_07,CharacterDialogue,어찌됐든 이번 달은 별다른 일 없이 지나갔습니다.,Char_Danwol_01,D_01_00,Sihwa_08,FALSE,TRUE,FALSE,FALSE,0,
Normal_04,53,Sihwa_08,CharacterDialogue,당신도 조금은 편하게 지내셔도 되겠네요.,Char_Danwol_01,D_01_00,Narration_06,FALSE,TRUE,FALSE,FALSE,0,
Normal_04,54,Narration_06,Narration,(그렇게 말하면서도 리 시화의 표정은 그다지 편안해 보이지 않았다.),Char_Danwol_01,D_01_00,Sihwa_09,TRUE,TRUE,FALSE,FALSE,0,
Normal_04,55,Sihwa_09,CharacterDialogue,"다만, 너무 안심하지는 마세요.",Char_Danwol_01,D_01_00,Sihwa_10,FALSE,TRUE,FALSE,FALSE,0,
Normal_04,56,Sihwa_10,CharacterDialogue,최근 들어 조금 이상한 이야기들이 들리고 있으니까요.,Char_Danwol_01,D_01_00,Sihwa_11,FALSE,TRUE,FALSE,FALSE,0,
Normal_04,57,Sihwa_11,CharacterDialogue,"홍련귀도 그렇고, 야서도 그렇고.",Char_Danwol_01,D_01_00,Sihwa_12,FALSE,TRUE,FALSE,FALSE,0,
Normal_04,58,Sihwa_12,CharacterDialogue,지금 당장 무슨 일이 일어날 것이라고 단정할 정도는 아닙니다.,Char_Danwol_01,D_01_00,Sihwa_13,FALSE,TRUE,FALSE,FALSE,0,
Normal_04,59,Sihwa_13,CharacterDialogue,오히려 지금은 아무 일도 없다는 듯 조용하죠.,Char_Danwol_01,D_01_00,Narration_07,FALSE,TRUE,FALSE,FALSE,0,
Normal_04,60,Narration_07,Narration,(리 시화가 잠시 창밖을 바라봤다.),Char_Danwol_01,D_01_00,Sihwa_14,TRUE,TRUE,FALSE,FALSE,0,
Normal_04,61,Sihwa_14,CharacterDialogue,그런데 가끔은 그런 때가 있습니다.,Char_Danwol_01,D_01_00,Sihwa_15,FALSE,TRUE,FALSE,FALSE,0,
Normal_04,62,Sihwa_15,CharacterDialogue,"모두가 너무 조용해서, 오히려 무언가를 기다리고 있는 것처럼 느껴지는 때가요.",Char_Danwol_01,D_01_00,Narration_08,FALSE,TRUE,FALSE,FALSE,0,
Normal_04,63,Narration_08,Narration,(리 시화가 다시 {UserName}를 바라봤다.),Char_Danwol_01,D_01_00,Sihwa_16,TRUE,TRUE,FALSE,FALSE,0,
Normal_04,64,Sihwa_16,CharacterDialogue,제가 괜한 말을 했군요.,Char_Danwol_01,D_01_00,Sihwa_17,FALSE,TRUE,FALSE,FALSE,0,
Normal_04,65,Sihwa_17,CharacterDialogue,지금은 당신이 맡은 일에 집중하세요.,Char_Danwol_01,D_01_00,Sihwa_18,FALSE,TRUE,FALSE,FALSE,0,
Normal_04,66,Sihwa_18,CharacterDialogue,"무슨 일이 생긴다면, 그때 알게 될 테니까요.",Char_Danwol_01,D_01_00,Narration_09,FALSE,TRUE,FALSE,FALSE,0,
Normal_04,67,Narration_09,Narration,(리 시화는 그렇게 말하며 다시 보고서를 펼쳤다.),Char_Danwol_01,D_01_00,Narration_10,TRUE,TRUE,FALSE,FALSE,0,
Normal_04,68,Narration_10,Narration,(이번 달의 보고서는 그렇게 끝났다.),,,Narration_11,FALSE,FALSE,FALSE,FALSE,0,
Normal_04,69,Narration_11,Narration,(아무 일도 일어나지 않았다.),,,Narration_12,FALSE,FALSE,FALSE,FALSE,0,
Normal_04,70,Narration_12,Narration,"(적어도, 아직까지는.)",,,end,FALSE,FALSE,FALSE,FALSE,0,
Normal_04,71,end,End,,,,,FALSE,FALSE,FALSE,FALSE,0,
Normal_05,1,Intro_01,Narration,(이번 달 구룡채성 곳곳에서 사망자가 발생했다.),,,Intro_02,FALSE,FALSE,FALSE,FALSE,0,
Normal_05,2,Intro_02,Narration,(그중 일부는 최근 급격히 확산되기 시작한 마약과 관련된 이들이었다.),,,Intro_03,FALSE,FALSE,FALSE,FALSE,0,
Normal_05,3,Intro_03,Narration,(관련된 보고서와 처리하지 못한 서류들이 User의 책상 위에 쌓여 있었다.),,,Intro_04,FALSE,FALSE,FALSE,FALSE,0,
Normal_05,4,Intro_04,Narration,(문을 두드리는 소리가 들렸다.),,,Sihwa_01,FALSE,FALSE,FALSE,FALSE,0,
Normal_05,5,Sihwa_01,CharacterDialogue,오랜만이네요.,Char_Danwol_01,D_01_00,Narration_01,FALSE,FALSE,FALSE,FALSE,0,
Normal_05,6,Narration_01,Narration,(리 시화의 모습은 평소와 크게 다르지 않았다.),Char_Danwol_01,D_01_00,Narration_02,TRUE,TRUE,FALSE,FALSE,0,
Normal_05,7,Narration_02,Narration,(다만 이전보다 피곤해 보인다는 것만은 분명했다.),Char_Danwol_01,D_01_00,Sihwa_02,TRUE,TRUE,FALSE,FALSE,0,
Normal_05,8,Sihwa_02,CharacterDialogue,인사는 생략하도록 하죠.,Char_Danwol_01,D_01_00,Sihwa_03,FALSE,TRUE,FALSE,FALSE,0,
Normal_05,9,Sihwa_03,CharacterDialogue,저도 지금 여유가 있는 상황은 아니라서요.,Char_Danwol_01,D_01_00,Sihwa_04,FALSE,TRUE,FALSE,FALSE,0,
Normal_05,10,Sihwa_04,CharacterDialogue,정부에서 일어난 일은 들으셨겠죠.,Char_Danwol_01,D_01_00,Narration_03,FALSE,TRUE,FALSE,FALSE,0,
Normal_05,11,Narration_03,Narration,"(며칠 전, 정부를 대상으로 한 테러 사건이 발생했다.)",Char_Danwol_01,D_01_00,Narration_04,TRUE,TRUE,FALSE,FALSE,0,
Normal_05,12,Narration_04,Narration,(그 이후로 중앙의 분위기 역시 어수선하다는 소식이 들려오고 있었다.),Char_Danwol_01,D_01_00,Sihwa_05,TRUE,TRUE,FALSE,FALSE,0,
Normal_05,13,Sihwa_05,CharacterDialogue,덕분에 저쪽도 이쪽도 정신이 없네요.,Char_Danwol_01,D_01_00,Sihwa_06,FALSE,TRUE,FALSE,FALSE,0,
Normal_05,14,Sihwa_06,CharacterDialogue,그러니 이번 달 보고는 간단하게 듣겠습니다.,Char_Danwol_01,D_01_00,Sihwa_07,FALSE,TRUE,FALSE,FALSE,0,
Normal_05,15,Sihwa_07,CharacterDialogue,"이번 달 구룡채성에서 일어난 일 중, 당신이 가장 심각하다고 생각하는 것 하나만 이야기해주세요.",Char_Danwol_01,D_01_00,Choice_Report,FALSE,TRUE,FALSE,FALSE,0,
Normal_05,16,Choice_Report,Choice,"이번 달 구룡채성에서 일어난 일 중, 당신이 가장 심각하다고 생각하는 것 하나만 이야기해주세요.",Char_Danwol_01,D_01_00,,TRUE,TRUE,FALSE,FALSE,0,
Normal_05,17,A_001,PlayerDialogue,최근 구룡채성 내에서 마약들이 퍼지고 있습니다.,Char_Danwol_01,D_01_00,A_Sihwa_01,TRUE,TRUE,FALSE,FALSE,0,
Normal_05,18,A_Sihwa_01,CharacterDialogue,마약 문제입니까.,Char_Danwol_01,D_01_00,A_Narration_01,FALSE,TRUE,FALSE,FALSE,0,
Normal_05,19,A_Narration_01,Narration,(리 시화가 잠시 생각에 잠겼다.),Char_Danwol_01,D_01_00,A_Sihwa_02,TRUE,TRUE,FALSE,FALSE,0,
Normal_05,20,A_Sihwa_02,CharacterDialogue,확실히 최근 들어 관련 보고가 급격하게 늘긴 했더군요.,Char_Danwol_01,D_01_00,A_Sihwa_03,FALSE,TRUE,FALSE,FALSE,0,
Normal_05,21,A_Sihwa_03,CharacterDialogue,"정부에서도 유통 경로를 파악하고 있지만, 아직 뚜렷하게 나온 것은 없습니다.",Char_Danwol_01,D_01_01,A_Sihwa_04,FALSE,TRUE,FALSE,FALSE,0,
Normal_05,22,A_Sihwa_04,CharacterDialogue,구룡채성은 원래도 불법적인 물건이 오가기 좋은 곳이니까요.,Char_Danwol_01,D_01_00,A_Sihwa_05,FALSE,TRUE,FALSE,FALSE,0,
Normal_05,23,A_Sihwa_05,CharacterDialogue,새삼스러운 일은 아닙니다.,Char_Danwol_01,D_01_00,A_Sihwa_06,FALSE,TRUE,FALSE,FALSE,0,
Normal_05,24,A_Sihwa_06,CharacterDialogue,하지만 이번에는 조금 다르긴 하죠.,Char_Danwol_01,D_01_00,A_Narration_02,FALSE,TRUE,FALSE,FALSE,0,
Normal_05,25,A_Narration_02,Narration,(리 시화가 {UserName}의 책상 위에 쌓인 보고서를 바라봤다.),Char_Danwol_01,D_01_00,A_Sihwa_07,TRUE,TRUE,FALSE,FALSE,0,
Normal_05,26,A_Sihwa_07,CharacterDialogue,퍼지는 속도가 지나치게 빠르니까요.,Char_Danwol_01,D_01_01,A_Sihwa_08,FALSE,TRUE,FALSE,FALSE,0,
Normal_05,27,A_Sihwa_08,CharacterDialogue,"누군가 의도적으로 퍼뜨리고 있는 것인지, 단순히 수요가 늘어난 것인지는 아직 모르겠습니다.",Char_Danwol_01,D_01_00,A_Sihwa_09,FALSE,TRUE,FALSE,FALSE,0,
Normal_05,28,A_Sihwa_09,CharacterDialogue,어느 쪽이든 좋은 상황은 아니겠죠.,Char_Danwol_01,D_01_00,A_Sihwa_10,FALSE,TRUE,FALSE,FALSE,0,
Normal_05,29,A_Sihwa_10,CharacterDialogue,"홍련귀가 관련되어 있다면 문제고, 관련되어 있지 않다면 그것대로 문제겠네요.",Char_Danwol_01,D_01_00,A_Sihwa_11,FALSE,TRUE,FALSE,FALSE,0,
Normal_05,30,A_Sihwa_11,CharacterDialogue,이곳에서 그들의 눈을 피해 이 정도 규모의 물건을 유통할 수 있는 자들이 있다는 뜻이 될 테니까요.,Char_Danwol_01,D_01_00,Narration_05,FALSE,TRUE,FALSE,FALSE,0,
Normal_05,31,B_001,PlayerDialogue,성체 내에서 여러 사망 사건들이 발생했습니다.,Char_Danwol_01,D_01_00,B_Sihwa_01,TRUE,TRUE,FALSE,FALSE,0,
Normal_05,32,B_Sihwa_01,CharacterDialogue,사망 사건이라.,Char_Danwol_01,D_01_00,B_Narration_01,FALSE,TRUE,FALSE,FALSE,0,
Normal_05,33,B_Narration_01,Narration,(리 시화가 잠시 침묵했다.),Char_Danwol_01,D_01_00,B_Sihwa_02,TRUE,TRUE,FALSE,FALSE,0,
Normal_05,34,B_Sihwa_02,CharacterDialogue,이번 달에는 유독 많았죠.,Char_Danwol_01,D_01_00,B_Sihwa_03,FALSE,TRUE,FALSE,FALSE,0,
Normal_05,35,B_Sihwa_03,CharacterDialogue,"마약으로 죽은 사람도 있고, 싸움에 휘말린 사람도 있고.",Char_Danwol_01,D_01_00,B_Sihwa_04,FALSE,TRUE,FALSE,FALSE,0,
Normal_05,36,B_Sihwa_04,CharacterDialogue,그저 운이 나빴던 사람도 있었겠죠.,Char_Danwol_01,D_01_00,B_Sihwa_05,FALSE,TRUE,FALSE,FALSE,0,
Normal_05,37,B_Sihwa_05,CharacterDialogue,"하나하나 따지자면 모두 다른 이유로 죽은 사람들이겠지만, 결과만 놓고 보면 별 차이는 없네요.",Char_Danwol_01,D_01_00,B_Narration_02,FALSE,TRUE,FALSE,FALSE,0,
Normal_05,38,B_Narration_02,Narration,(리 시화가 담담하게 말을 이었다.),Char_Danwol_01,D_01_00,B_Sihwa_06,TRUE,TRUE,FALSE,FALSE,0,
Normal_05,39,B_Sihwa_06,CharacterDialogue,사람이 죽었습니다.,Char_Danwol_01,D_01_00,B_Sihwa_07,FALSE,TRUE,FALSE,FALSE,0,
Normal_05,40,B_Sihwa_07,CharacterDialogue,그리고 남은 사람들은 내일도 이곳에서 살아가겠죠.,Char_Danwol_01,D_01_00,B_Sihwa_08,FALSE,TRUE,FALSE,FALSE,0,
Normal_05,41,B_Sihwa_08,CharacterDialogue,이곳에서는 드문 일도 아니니까요.,Char_Danwol_01,D_01_00,B_Narration_03,FALSE,TRUE,FALSE,FALSE,0,
Normal_05,42,B_Narration_03,CharacterDialogue,(리 시화가 {UserName}를 바라봤다.),Char_Danwol_01,D_01_00,B_Sihwa_09,TRUE,TRUE,FALSE,FALSE,0,
Normal_05,43,B_Sihwa_09,CharacterDialogue,…그런 표정은 짓지 않으셔도 됩니다.,Char_Danwol_01,D_01_00,B_Sihwa_10,FALSE,TRUE,FALSE,FALSE,0,
Normal_05,44,B_Sihwa_10,CharacterDialogue,제가 사람의 죽음이 아무렇지도 않다는 이야기를 하는 것은 아니니까요.,Char_Danwol_01,D_01_00,B_Sihwa_11,FALSE,TRUE,FALSE,FALSE,0,
Normal_05,45,B_Sihwa_11,CharacterDialogue,다만 죽음이 반복된다고 해서 매번 모든 것이 멈추지는 않는다는 뜻입니다.,Char_Danwol_01,D_01_03,B_Sihwa_12,FALSE,TRUE,FALSE,FALSE,0,
Normal_05,46,B_Sihwa_12,CharacterDialogue,멈출 수 없는 사람도 있는 법이니까요.,Char_Danwol_01,D_01_03,Narration_05,FALSE,TRUE,FALSE,FALSE,0,
Normal_05,47,C_001,PlayerDialogue,홍련귀와 야서 두 세력 간에 충돌이 있었습니다.,Char_Danwol_01,D_01_00,C_Sihwa_01,TRUE,TRUE,FALSE,FALSE,0,
Normal_05,48,C_Sihwa_01,CharacterDialogue,결국 그 이야기를 꺼내시는군요.,Char_Danwol_01,D_01_00,C_Narration_01,FALSE,TRUE,FALSE,FALSE,0,
Normal_05,49,C_Narration_01,Narration,(리 시화의 표정이 조금 굳었다.),Char_Danwol_01,D_01_01,C_Sihwa_02,TRUE,TRUE,FALSE,FALSE,0,
Normal_05,50,C_Sihwa_02,CharacterDialogue,홍련귀와 야서.,Char_Danwol_01,D_01_01,C_Sihwa_03,FALSE,TRUE,FALSE,FALSE,0,
Normal_05,51,C_Sihwa_03,CharacterDialogue,"지난번에도 말씀드렸지만, 양측의 움직임이 심상치 않다는 것은 알고 있었습니다.",Char_Danwol_01,D_01_00,C_Sihwa_04,FALSE,TRUE,FALSE,FALSE,0,
Normal_05,52,C_Sihwa_04,CharacterDialogue,다만 이렇게 빠르게 충돌할 줄은 몰랐네요.,Char_Danwol_01,D_01_00,C_Sihwa_05,FALSE,TRUE,FALSE,FALSE,0,
Normal_05,53,C_Sihwa_05,CharacterDialogue,아직 전면적인 충돌이라고 부를 정도는 아닙니다.,Char_Danwol_01,D_01_00,C_Sihwa_06,FALSE,TRUE,FALSE,FALSE,0,
Normal_05,54,C_Sihwa_06,CharacterDialogue,적어도 지금까지는요.,Char_Danwol_01,D_01_00,C_Narration_02,FALSE,TRUE,FALSE,FALSE,0,
Normal_05,55,C_Narration_02,Narration,(리 시화가 잠시 말을 멈췄다.),Char_Danwol_01,D_01_00,C_Sihwa_07,TRUE,TRUE,FALSE,FALSE,0,
Normal_05,56,C_Sihwa_07,CharacterDialogue,"어느 쪽이 먼저 시작했는지, 무엇을 위해 싸우는지는 지금 중요한 문제가 아닙니다.",Char_Danwol_01,D_01_00,C_Sihwa_08,FALSE,TRUE,FALSE,FALSE,0,
Normal_05,57,C_Sihwa_08,CharacterDialogue,싸움이 시작되었다는 사실 자체가 중요한 것이죠.,Char_Danwol_01,D_01_00,C_Sihwa_09,FALSE,TRUE,FALSE,FALSE,0,
Normal_05,58,C_Sihwa_09,CharacterDialogue,한번 시작된 싸움은 이유보다 오래 남는 법이니까요.,Char_Danwol_01,D_01_00,C_Sihwa_10,FALSE,TRUE,FALSE,FALSE,0,
Normal_05,59,C_Sihwa_10,CharacterDialogue,그리고 가장 먼저 피해를 입는 것은 언제나 그 싸움과 아무 상관 없는 사람들이고요.,Char_Danwol_01,D_01_00,Narration_05,FALSE,TRUE,FALSE,FALSE,0,
Normal_05,60,Narration_05,Narration,(리 시화가 잠시 침묵했다.),Char_Danwol_01,D_01_00,Narration_06,TRUE,TRUE,FALSE,FALSE,0,
Normal_05,61,Narration_06,Narration,"(그는 무언가를 생각하는 듯했지만, 곧 고개를 저었다.)",Char_Danwol_01,D_01_00,Sihwa_08,TRUE,TRUE,FALSE,FALSE,0,
Normal_05,62,Sihwa_08,CharacterDialogue,이상하네요.,Char_Danwol_01,D_01_00,Sihwa_09,FALSE,TRUE,FALSE,FALSE,0,
Normal_05,63,Sihwa_09,CharacterDialogue,"중앙에서는 테러가 일어났고, 이곳에서는 사람들이 죽고 있습니다.",Char_Danwol_01,D_01_00,Sihwa_10,FALSE,TRUE,FALSE,FALSE,0,
Normal_05,64,Sihwa_10,CharacterDialogue,"마약은 계속 퍼지고 있고, 서로를 죽일 만큼 미워하는 사람들도 생겨났죠.",Char_Danwol_01,D_01_00,Sihwa_11,FALSE,TRUE,FALSE,FALSE,0,
Normal_05,65,Sihwa_11,CharacterDialogue,그런데도 모두가 포기할 생각은 없어 보입니다.,Char_Danwol_01,D_01_00,Narration_07,FALSE,TRUE,FALSE,FALSE,0,
Normal_05,66,Narration_07,CharacterDialogue,(리 시화가 {UserName}를 바라봤다.),Char_Danwol_01,D_01_03,Sihwa_12,TRUE,TRUE,FALSE,FALSE,0,
Normal_05,67,Sihwa_12,CharacterDialogue,당신은 어떻게 생각하시나요?,Char_Danwol_01,D_01_03,Sihwa_13,FALSE,TRUE,FALSE,FALSE,0,
Normal_05,68,Sihwa_13,CharacterDialogue,사람들은 왜 이렇게까지 하면서도 포기하지 않는 걸까요?,Char_Danwol_01,D_01_03,Choice_Think,FALSE,TRUE,FALSE,FALSE,0,
Normal_05,69,Choice_Think,Choice,사람들은 왜 이렇게까지 하면서도 포기하지 않는 걸까요?,Char_Danwol_01,D_01_03,,TRUE,TRUE,TRUE,FALSE,0,
Normal_05,70,A2_001,PlayerDialogue,무언가를 지키기 위해서라고 생각합니다.,Char_Danwol_01,D_01_00,A2_Sihwa_01,TRUE,TRUE,FALSE,FALSE,0,
Normal_05,71,A2_Sihwa_01,CharacterDialogue,지키고 싶은 것이 있기 때문이다.,Char_Danwol_01,D_01_00,A2_Narration_01,FALSE,TRUE,FALSE,FALSE,0,
Normal_05,72,A2_Narration_01,Narration,(리 시화가 잠시 생각에 잠겼다.),Char_Danwol_01,D_01_00,A2_Sihwa_02,TRUE,TRUE,FALSE,FALSE,0,
Normal_05,73,A2_Sihwa_02,CharacterDialogue,그렇다면 자신보다 중요한 무언가가 있다는 뜻이겠군요.,Char_Danwol_01,D_01_00,A2_Sihwa_03,FALSE,TRUE,FALSE,FALSE,0,
Normal_05,74,A2_Sihwa_03,CharacterDialogue,"가족일 수도 있고, 사람이 아닐 수도 있고.",Char_Danwol_01,D_01_00,A2_Sihwa_04,FALSE,TRUE,FALSE,FALSE,0,
Normal_05,75,A2_Sihwa_04,CharacterDialogue,어쩌면 장소나 신념 같은 것일 수도 있겠죠.,Char_Danwol_01,D_01_00,A2_Sihwa_05,FALSE,TRUE,FALSE,FALSE,0,
Normal_05,76,A2_Sihwa_05,CharacterDialogue,그것을 지키기 위해서라면 자신이 파괴되는 것도 감수할 수 있다.,Char_Danwol_01,D_01_00,A2_Sihwa_06,FALSE,TRUE,FALSE,FALSE,0,
Normal_05,77,A2_Sihwa_06,CharacterDialogue,…흥미로운 생각이네요.,Char_Danwol_01,D_01_00,Narration_08,FALSE,TRUE,FALSE,FALSE,0,
Normal_05,78,B2_001,PlayerDialogue,언젠가는 더 나아질 것이라고 생각하기 때문 아닐까요.,Char_Danwol_01,D_01_00,B2_Sihwa_01,TRUE,TRUE,FALSE,FALSE,0,
Normal_05,79,B2_Sihwa_01,CharacterDialogue,언젠가는 나아질 거라고 믿기 때문에.,Char_Danwol_01,D_01_00,B2_Sihwa_02,FALSE,TRUE,FALSE,FALSE,0,
Normal_05,80,B2_Sihwa_02,CharacterDialogue,희망이라는 이야기인가요?,Char_Danwol_01,D_01_00,B2_Narration_01,FALSE,TRUE,FALSE,FALSE,0,
Normal_05,81,B2_Narration_01,Narration,(리 시화가 작게 웃었다.),Char_Danwol_01,D_01_02,B2_Sihwa_03,TRUE,TRUE,FALSE,FALSE,0,
Normal_05,82,B2_Sihwa_03,CharacterDialogue,사람은 참 이상하네요.,Char_Danwol_01,D_01_02,B2_Sihwa_04,FALSE,TRUE,FALSE,FALSE,0,
Normal_05,83,B2_Sihwa_04,CharacterDialogue,아무런 근거가 없어도 내일은 오늘보다 나을 것이라고 생각할 수 있으니까요.,Char_Danwol_01,D_01_02,B2_Sihwa_05,FALSE,TRUE,FALSE,FALSE,0,
Normal_05,84,B2_Sihwa_05,CharacterDialogue,하지만 어쩌면 그런 생각이 있어야 살아갈 수 있는 것일지도 모르겠군요.,Char_Danwol_01,D_01_02,B2_Sihwa_06,FALSE,TRUE,FALSE,FALSE,0,
Normal_05,85,B2_Sihwa_06,CharacterDialogue,적어도 오늘을 버틸 이유 정도는 될 테니까요.,Char_Danwol_01,D_01_02,Narration_08,FALSE,TRUE,FALSE,FALSE,0,
Normal_05,86,C2_001,PlayerDialogue,포기하지 않는 이유라.. 그저.. 포기할 수 없기 때문 아닐까요.,Char_Danwol_01,D_01_00,C2_Sihwa_01,TRUE,TRUE,FALSE,FALSE,0,
Normal_05,87,C2_Sihwa_01,CharacterDialogue,포기할 수 없기 때문이다.,Char_Danwol_01,D_01_00,C2_Narration_01,FALSE,TRUE,FALSE,FALSE,0,
Normal_05,88,C2_Narration_01,Narration,(리 시화가 User를 가만히 바라봤다.),Char_Danwol_01,D_01_00,C2_Sihwa_02,TRUE,TRUE,FALSE,FALSE,0,
Normal_05,89,C2_Sihwa_02,CharacterDialogue,할 수 있는 것과 할 수 없는 것은 다른 이야기죠.,Char_Danwol_01,D_01_00,C2_Sihwa_03,FALSE,TRUE,FALSE,FALSE,0,
Normal_05,90,C2_Sihwa_03,CharacterDialogue,"포기하지 않는 것이 아니라, 정말로 포기할 수 없는 사람도 있을 테니까요.",Char_Danwol_01,D_01_00,C2_Sihwa_04,FALSE,TRUE,FALSE,FALSE,0,
Normal_05,91,C2_Sihwa_04,CharacterDialogue,이미 너무 많은 것을 걸어서 돌아갈 수 없는 사람도 있을 것이고.,Char_Danwol_01,D_01_00,C2_Sihwa_05,FALSE,TRUE,FALSE,FALSE,0,
Normal_05,92,C2_Sihwa_05,CharacterDialogue,멈추는 순간 모든 것을 잃는 사람도 있겠죠.,Char_Danwol_01,D_01_00,C2_Narration_02,FALSE,TRUE,FALSE,FALSE,0,
Normal_05,93,C2_Narration_02,Narration,(리 시화가 잠시 침묵했다.),Char_Danwol_01,D_01_03,C2_Sihwa_06,TRUE,TRUE,FALSE,FALSE,0,
Normal_05,94,C2_Sihwa_06,CharacterDialogue,그런 사람에게 계속 나아가는 것은 의지일까요.,Char_Danwol_01,D_01_03,C2_Sihwa_07,FALSE,TRUE,FALSE,FALSE,0,
Normal_05,95,C2_Sihwa_07,CharacterDialogue,아니면 그저 남은 유일한 선택일까요.,Char_Danwol_01,D_01_03,Narration_08,FALSE,TRUE,FALSE,FALSE,0,
Normal_05,96,Narration_08,Narration,(리 시화는 잠시 아무 말도 하지 않았다.),Char_Danwol_01,D_01_00,Narration_09,TRUE,TRUE,FALSE,FALSE,0,
Normal_05,97,Narration_09,Narration,(그러다 {UserName}가 했던 대답을 되뇌듯 천천히 입을 열었다.),Char_Danwol_01,D_01_00,Sihwa_14,TRUE,TRUE,FALSE,FALSE,0,
Normal_05,98,Sihwa_14,CharacterDialogue,…그렇군요.,Char_Danwol_01,D_01_00,Sihwa_15,FALSE,TRUE,FALSE,FALSE,0,
Normal_05,99,Sihwa_15,CharacterDialogue,당신은 그렇게 생각하는군요.,Char_Danwol_01,D_01_00,Narration_10,FALSE,TRUE,FALSE,FALSE,0,
Normal_05,100,Narration_10,Narration,(리 시화가 자리에서 일어났다.),Char_Danwol_01,D_01_00,Sihwa_16,TRUE,TRUE,FALSE,FALSE,0,
Normal_05,101,Sihwa_16,CharacterDialogue,기억해두겠습니다.,Char_Danwol_01,D_01_00,Sihwa_17,FALSE,TRUE,FALSE,FALSE,0,
Normal_05,102,Sihwa_17,CharacterDialogue,오늘 당신이 한 대답을요.,Char_Danwol_01,D_01_00,Narration_11,FALSE,TRUE,FALSE,FALSE,0,
Normal_05,103,Narration_11,Narration,(리 시화는 더 이상 그 이유를 설명하지 않았다.),Char_Danwol_01,D_01_00,Sihwa_18,TRUE,TRUE,FALSE,FALSE,0,
Normal_05,104,Sihwa_18,CharacterDialogue,이번 달 보고는 이 정도면 충분합니다.,Char_Danwol_01,D_01_00,Sihwa_19,FALSE,TRUE,FALSE,FALSE,0,
Normal_05,105,Sihwa_19,CharacterDialogue,저도 돌아가 봐야겠네요.,Char_Danwol_01,D_01_00,Narration_12,FALSE,TRUE,FALSE,FALSE,0,
Normal_05,106,Narration_12,Narration,(문을 열려던 리 시화가 잠시 걸음을 멈췄다.),Char_Danwol_01,D_01_00,Sihwa_20,TRUE,TRUE,FALSE,FALSE,0,
Normal_05,107,Sihwa_20,CharacterDialogue,아.,Char_Danwol_01,D_01_00,Sihwa_21,FALSE,TRUE,FALSE,FALSE,0,
Normal_05,108,Sihwa_21,CharacterDialogue,한 가지는 말씀드려야겠군요.,Char_Danwol_01,D_01_00,Sihwa_22,FALSE,TRUE,FALSE,FALSE,0,
Normal_05,109,Sihwa_22,CharacterDialogue,지난번에 제가 무슨 일이 생긴다면 그때 알게 될 거라고 했었죠.,Char_Danwol_01,D_01_00,Narration_13,FALSE,TRUE,FALSE,FALSE,0,
Normal_05,110,Narration_13,Narration,(리 시화가 {UserName}를 돌아봤다.),Char_Danwol_01,D_01_00,Sihwa_23,TRUE,TRUE,FALSE,FALSE,0,
Normal_05,111,Sihwa_23,CharacterDialogue,아무래도 그때가 온 것 같네요.,Char_Danwol_01,D_01_00,Sihwa_24,FALSE,TRUE,FALSE,FALSE,0,
Normal_05,112,Sihwa_24,CharacterDialogue,앞으로는 지금보다 더 신중하게 행동하세요.,Char_Danwol_01,D_01_00,Sihwa_25,FALSE,TRUE,FALSE,FALSE,0,
Normal_05,113,Sihwa_25,CharacterDialogue,"이제 당신이 무엇을 선택하든, 이전처럼 아무 일도 일어나지 않고 끝나지는 않을 테니까요.",Char_Danwol_01,D_01_00,Narration_14,FALSE,TRUE,FALSE,FALSE,0,
Normal_05,114,Narration_14,Narration,(리 시화는 그렇게 말하고 사무실을 떠났다.),,,Narration_15,FALSE,FALSE,FALSE,FALSE,0,
Normal_05,115,Narration_15,Narration,"(문이 닫히고, 다시 사무실에 정적이 찾아왔다.)",,,Narration_16,FALSE,FALSE,FALSE,FALSE,0,
Normal_05,116,Narration_16,Narration,(하지만 지난달의 고요와는 전혀 다른 종류의 정적이었다.),,,end,FALSE,FALSE,FALSE,FALSE,0,
Normal_05,117,end,End,,,,,FALSE,FALSE,FALSE,FALSE,0,
Normal_06,1,Intro_01,Narration,(창밖으로 보이는 구룡채성의 하늘은 잔뜩 흐려져 있었다.),,,Intro_02,FALSE,FALSE,FALSE,FALSE,0,
Normal_06,2,Intro_02,Narration,(낡은 건물과 그 사이를 얽은 구조물들이 흐린 하늘 아래 더욱 어둡게 내려앉아 있었다.),,,Sihwa_01,FALSE,FALSE,FALSE,FALSE,0,
Normal_06,3,Sihwa_01,CharacterDialogue,이곳은 올 때마다 참 우중충하네요.,Char_Danwol_01,D_01_00,Narration_01,FALSE,FALSE,FALSE,FALSE,0,
Normal_06,4,Narration_01,Narration,(리 시화가 창밖을 바라보며 말했다.),Char_Danwol_01,D_01_00,Sihwa_02,TRUE,TRUE,FALSE,FALSE,0,
Normal_06,5,Sihwa_02,CharacterDialogue,날씨 때문만은 아닌 것 같고요.,Char_Danwol_01,D_01_00,Sihwa_03,FALSE,TRUE,FALSE,FALSE,0,
Normal_06,6,Sihwa_03,CharacterDialogue,건물이 문제일까요. 아니면 사는 사람들이 문제일까요.,Char_Danwol_01,D_01_00,Sihwa_04,FALSE,TRUE,FALSE,FALSE,0,
Normal_06,7,Sihwa_04,CharacterDialogue,어느 쪽이든 오래 보고 있으면 기분까지 가라앉는 곳인 건 확실하네요.,Char_Danwol_01,D_01_00,Narration_02,FALSE,TRUE,FALSE,FALSE,0,
Normal_06,8,Narration_02,Narration,(리 시화가 시선을 거두었다.),Char_Danwol_01,D_01_00,Sihwa_05,TRUE,TRUE,FALSE,FALSE,0,
Normal_06,9,Sihwa_05,CharacterDialogue,본론부터 말씀드리죠.,Char_Danwol_01,D_01_00,Sihwa_06,FALSE,TRUE,FALSE,FALSE,0,
Normal_06,10,Sihwa_06,CharacterDialogue,이번 달부터 구룡채성 일부 구역에 치안군이 파견될 예정입니다.,Char_Danwol_01,D_01_00,Sihwa_07,FALSE,TRUE,FALSE,FALSE,0,
Normal_06,11,Sihwa_07,CharacterDialogue,지난달 있었던 일들 때문이라고 생각하시면 됩니다.,Char_Danwol_01,D_01_00,Sihwa_08,FALSE,TRUE,FALSE,FALSE,0,
Normal_06,12,Sihwa_08,CharacterDialogue,"마약 문제도 그렇고, 홍련귀와 야서의 충돌도 더 이상 무시하기 어려워졌으니까요.",Char_Danwol_01,D_01_00,Sihwa_09,FALSE,TRUE,FALSE,FALSE,0,
Normal_06,13,Sihwa_09,CharacterDialogue,정부 입장에서도 계속 지켜보기만 할 수는 없겠죠.,Char_Danwol_01,D_01_00,Narration_03,FALSE,TRUE,FALSE,FALSE,0,
Normal_06,14,Narration_03,Narration,(리 시화가 잠시 생각하다 덧붙였다.),Char_Danwol_01,D_01_00,Sihwa_10,TRUE,TRUE,FALSE,FALSE,0,
Normal_06,15,Sihwa_10,CharacterDialogue,물론 이곳 사람들이 그들을 반길지는 모르겠지만요.,Char_Danwol_01,D_01_00,Sihwa_11,FALSE,TRUE,FALSE,FALSE,0,
Normal_06,16,Sihwa_11,CharacterDialogue,특히 야서 쪽은 더욱 그렇겠죠.,Char_Danwol_01,D_01_00,Narration_04,FALSE,TRUE,FALSE,FALSE,0,
Normal_06,17,Narration_04,CharacterDialogue,(익숙한 이름에 {UserName}가 리 시화를 바라봤다.),Char_Danwol_01,D_01_00,Sihwa_12,TRUE,TRUE,FALSE,FALSE,0,
Normal_06,18,Sihwa_12,CharacterDialogue,그러고 보니 야서가 어떻게 만들어졌는지는 알고 계신가요?,Char_Danwol_01,D_01_00,Choice_1,FALSE,TRUE,FALSE,FALSE,0,
Normal_06,19,Choice_1,Choice,그러고 보니 야서가 어떻게 만들어졌는지는 알고 계신가요?,Char_Danwol_01,D_01_00,,TRUE,TRUE,FALSE,FALSE,0,
Normal_06,20,A_001,PlayerDialogue,조금은 알고 있습니다.,Char_Danwol_01,D_01_00,A_Sihwa_01,TRUE,TRUE,FALSE,FALSE,0,
Normal_06,21,A_Sihwa_01,CharacterDialogue,그렇습니까.,Char_Danwol_01,D_01_00,A_Sihwa_02,FALSE,TRUE,FALSE,FALSE,0,
Normal_06,22,A_Sihwa_02,CharacterDialogue,그렇다면 제가 아는 것과 크게 다르지는 않겠네요.,Char_Danwol_01,D_01_00,A_Sihwa_03,FALSE,TRUE,FALSE,FALSE,0,
Normal_06,23,A_Sihwa_03,CharacterDialogue,8년 전이었던가요.,Char_Danwol_01,D_01_00,A_Sihwa_04,FALSE,TRUE,FALSE,FALSE,0,
Normal_06,24,A_Sihwa_04,CharacterDialogue,구룡채성에서 마약 유통을 막으려던 사람이 홍련귀에게 살해당했다고 합니다.,Char_Danwol_01,D_01_00,A_Sihwa_05,FALSE,TRUE,FALSE,FALSE,0,
Normal_06,25,A_Sihwa_05,CharacterDialogue,"그 죽음에 반발한 사람들이 거리로 나왔고, 침묵 시위가 시작됐죠.",Char_Danwol_01,D_01_00,A_Sihwa_06,FALSE,TRUE,FALSE,FALSE,0,
Normal_06,26,A_Sihwa_06,CharacterDialogue,이후 이곳에 흩어져 있던 자경단과 방범 조직 일부가 모이면서 지금의 야서가 만들어졌다고 알고 있습니다.,Char_Danwol_01,D_01_00,A_Sihwa_07,FALSE,TRUE,FALSE,FALSE,0,
Normal_06,27,A_Sihwa_07,CharacterDialogue,물론 저도 당시의 일을 직접 본 것은 아닙니다.,Char_Danwol_01,D_01_00,A_Sihwa_08,FALSE,TRUE,FALSE,FALSE,0,
Normal_06,28,A_Sihwa_08,CharacterDialogue,지금 남아 있는 기록과 보고가 어디까지 정확한지도 모르고요.,Char_Danwol_01,D_01_00,A_Sihwa_09,FALSE,TRUE,FALSE,FALSE,0,
Normal_06,29,A_Sihwa_09,CharacterDialogue,하지만 적어도 시작은 그랬다고 하더군요.,Char_Danwol_01,D_01_00,Narration_05,FALSE,TRUE,FALSE,FALSE,0,
Normal_06,30,B_001,PlayerDialogue,자세히는 잘 모릅니다.,Char_Danwol_01,D_01_00,B_Sihwa_01,TRUE,TRUE,FALSE,FALSE,0,
Normal_06,31,B_Sihwa_01,CharacterDialogue,저도 자세한 사정까지 알고 있는 것은 아닙니다.,Char_Danwol_01,D_01_00,B_Sihwa_02,FALSE,TRUE,FALSE,FALSE,0,
Normal_06,32,B_Sihwa_02,CharacterDialogue,"다만 8년 전, 이곳에서 한 사람이 죽었다고 하더군요.",Char_Danwol_01,D_01_00,B_Sihwa_03,FALSE,TRUE,FALSE,FALSE,0,
Normal_06,33,B_Sihwa_03,CharacterDialogue,구룡채성에 퍼지던 마약을 막으려다가 홍련귀에게 살해당했다고 합니다.,Char_Danwol_01,D_01_00,B_Sihwa_04,FALSE,TRUE,FALSE,FALSE,0,
Normal_06,34,B_Sihwa_04,CharacterDialogue,그 죽음을 계기로 사람들이 거리로 나왔고요.,Char_Danwol_01,D_01_00,B_Sihwa_05,FALSE,TRUE,FALSE,FALSE,0,
Normal_06,35,B_Sihwa_05,CharacterDialogue,처음에는 침묵 시위였다고 합니다.,Char_Danwol_01,D_01_00,B_Sihwa_06,FALSE,TRUE,FALSE,FALSE,0,
Normal_06,36,B_Sihwa_06,CharacterDialogue,이후 이곳의 자경단이나 방범 조직들이 하나둘 모이면서 점차 조직의 형태를 갖추게 되었고.,Char_Danwol_01,D_01_00,B_Sihwa_07,FALSE,TRUE,FALSE,FALSE,0,
Normal_06,37,B_Sihwa_07,CharacterDialogue,그것이 지금의 야서가 되었다고 알고 있습니다.,Char_Danwol_01,D_01_00,B_Narration_01,FALSE,TRUE,FALSE,FALSE,0,
Normal_06,38,B_Narration_01,Narration,(리 시화가 잠시 창밖을 바라봤다.),Char_Danwol_01,D_01_00,B_Sihwa_08,TRUE,TRUE,FALSE,FALSE,0,
Normal_06,39,B_Sihwa_08,CharacterDialogue,한 사람의 죽음으로 시작된 셈이죠.,Char_Danwol_01,D_01_03,Narration_05,FALSE,TRUE,FALSE,FALSE,0,
Normal_06,40,Narration_05,Narration,(잠시 빗소리만이 사무실 안을 채웠다.),Char_Danwol_01,D_01_00,Sihwa_13,TRUE,TRUE,FALSE,FALSE,0,
Normal_06,41,Sihwa_13,CharacterDialogue,생각해보면 이상하지 않나요?,Char_Danwol_01,D_01_00,Sihwa_14,FALSE,TRUE,FALSE,FALSE,0,
Normal_06,42,Sihwa_14,CharacterDialogue,사람 한 명이 죽었습니다.,Char_Danwol_01,D_01_00,Sihwa_15,FALSE,TRUE,FALSE,FALSE,0,
Normal_06,43,Sihwa_15,CharacterDialogue,"그 사람을 알던 이들도 시간이 지나면 하나둘 사라질 테고, 언젠가는 얼굴조차 기억하는 사람이 없어지겠죠.",Char_Danwol_01,D_01_00,Sihwa_16,FALSE,TRUE,FALSE,FALSE,0,
Normal_06,44,Sihwa_16,CharacterDialogue,그런데 그 사람 때문에 만들어진 것은 남습니다.,Char_Danwol_01,D_01_00,Sihwa_17,FALSE,TRUE,FALSE,FALSE,0,
Normal_06,45,Sihwa_17,CharacterDialogue,처음에는 그저 한 사람의 죽음을 슬퍼했던 것뿐일 텐데요.,Char_Danwol_01,D_01_03,Narration_06,FALSE,TRUE,FALSE,FALSE,0,
Normal_06,46,Narration_06,Narration,(리 시화가 창가에서 시선을 떼지 않은 채 말했다.),Char_Danwol_01,D_01_03,Sihwa_18,TRUE,TRUE,FALSE,FALSE,0,
Normal_06,47,Sihwa_18,CharacterDialogue,당신은 그런 것들을 어떻게 생각하시나요?,Char_Danwol_01,D_01_00,Sihwa_19,FALSE,TRUE,FALSE,FALSE,0,
Normal_06,48,Sihwa_19,CharacterDialogue,누군가의 죽음을 기억하기 위해 만들어진 것들 말입니다.,Char_Danwol_01,D_01_00,Choice_2,FALSE,TRUE,FALSE,FALSE,0,
Normal_06,49,Choice_2,Choice,누군가의 죽음을 기억하기 위해 만들어진 것들 말입니다.,Char_Danwol_01,D_01_00,,TRUE,TRUE,FALSE,FALSE,0,
Normal_06,50,A2_001,PlayerDialogue,낭만적인 것 같습니다. 계속 기억하기 위한 거라고 생각됩니다.,Char_Danwol_01,D_01_00,A2_Narration_01,TRUE,TRUE,FALSE,FALSE,0,
Normal_06,51,A2_Narration_01,Narration,(리 시화가 뜻밖의 대답을 들었다는 듯 {UserName}를 바라봤다.),Char_Danwol_01,D_01_02,A2_Sihwa_01,TRUE,TRUE,FALSE,FALSE,0,
Normal_06,52,A2_Sihwa_01,CharacterDialogue,낭만적이다.,Char_Danwol_01,D_01_00,A2_Sihwa_02,FALSE,TRUE,FALSE,FALSE,0,
Normal_06,53,A2_Sihwa_02,CharacterDialogue,죽음에 어울리는 표현인지는 모르겠네요.,Char_Danwol_01,D_01_00,A2_Narration_02,FALSE,TRUE,FALSE,FALSE,0,
Normal_06,54,A2_Narration_02,Narration,(리 시화가 아주 작게 웃었다.),Char_Danwol_01,D_01_02,A2_Sihwa_03,TRUE,TRUE,FALSE,FALSE,0,
Normal_06,55,A2_Sihwa_03,CharacterDialogue,하지만 조금은 이해할 수 있을 것 같습니다.,Char_Danwol_01,D_01_02,A2_Sihwa_04,FALSE,TRUE,FALSE,FALSE,0,
Normal_06,56,A2_Sihwa_04,CharacterDialogue,누군가가 사라진 뒤에도 그 사람 때문에 무언가가 계속 남아 있다는 건.,Char_Danwol_01,D_01_02,A2_Sihwa_05,FALSE,TRUE,FALSE,FALSE,0,
Normal_06,57,A2_Sihwa_05,CharacterDialogue,조금은 낭만적인 일일지도 모르겠네요.,Char_Danwol_01,D_01_02,A2_Sihwa_06,FALSE,TRUE,FALSE,FALSE,0,
Normal_06,58,A2_Sihwa_06,CharacterDialogue,살아 있는 사람들이 죽은 사람을 쉽게 놓아주지 못한다는 뜻이기도 하겠지만요.,Char_Danwol_01,D_01_02,Narration_07,FALSE,TRUE,FALSE,FALSE,0,
Normal_06,59,B2_001,PlayerDialogue,그 조차도 슬픈 일 같게 느껴집니다. 놓치 못해서 그런 것일테니까요.,Char_Danwol_01,D_01_00,B2_Narration_01,TRUE,TRUE,FALSE,FALSE,0,
Normal_06,60,B2_Narration_01,Narration,(리 시화가 천천히 고개를 끄덕였다.),Char_Danwol_01,D_01_00,B2_Sihwa_01,TRUE,TRUE,FALSE,FALSE,0,
Normal_06,61,B2_Sihwa_01,CharacterDialogue,슬픈 일이죠.,Char_Danwol_01,D_01_00,B2_Sihwa_02,FALSE,TRUE,FALSE,FALSE,0,
Normal_06,62,B2_Sihwa_02,CharacterDialogue,애초에 그 사람이 죽지 않았다면 만들어질 필요도 없었던 것들이니까요.,Char_Danwol_01,D_01_00,B2_Sihwa_03,FALSE,TRUE,FALSE,FALSE,0,
Normal_06,63,B2_Sihwa_03,CharacterDialogue,"아무리 많은 사람이 모이고, 아무리 대단한 일을 이루어도.",Char_Danwol_01,D_01_00,B2_Sihwa_04,FALSE,TRUE,FALSE,FALSE,0,
Normal_06,64,B2_Sihwa_04,CharacterDialogue,처음 잃어버린 것을 되돌려 받을 수 있는 것은 아니니까요.,Char_Danwol_01,D_01_00,B2_Narration_02,FALSE,TRUE,FALSE,FALSE,0,
Normal_06,65,B2_Narration_02,Narration,(리 시화가 잠시 말을 멈췄다.),Char_Danwol_01,D_01_00,B2_Sihwa_05,TRUE,TRUE,FALSE,FALSE,0,
Normal_06,66,B2_Sihwa_05,CharacterDialogue,그래도 사람들은 무언가를 남기려고 하죠.,Char_Danwol_01,D_01_00,B2_Sihwa_06,FALSE,TRUE,FALSE,FALSE,0,
Normal_06,67,B2_Sihwa_06,CharacterDialogue,"이름이든, 기억이든.",Char_Danwol_01,D_01_00,B2_Sihwa_07,FALSE,TRUE,FALSE,FALSE,0,
Normal_06,68,B2_Sihwa_07,CharacterDialogue,아니면 자신이 살아가는 방식이라도.,Char_Danwol_01,D_01_00,Narration_07,FALSE,TRUE,FALSE,FALSE,0,
Normal_06,69,C2_001,PlayerDialogue,결국 죽은 사람에겐 아무 의미도 없을 뿐이라고 생각합니다.,Char_Danwol_01,D_01_00,C2_Narration_01,TRUE,TRUE,FALSE,FALSE,0,
Normal_06,70,C2_Narration_01,Narration,(리 시화가 잠시 {UserName}를 바라봤다.),Char_Danwol_01,D_01_00,C2_Sihwa_01,TRUE,TRUE,FALSE,FALSE,0,
Normal_06,71,C2_Sihwa_01,CharacterDialogue,죽은 사람에게는 의미가 없다.,Char_Danwol_01,D_01_00,C2_Sihwa_02,FALSE,TRUE,FALSE,FALSE,0,
Normal_06,72,C2_Sihwa_02,CharacterDialogue,…그렇겠네요.,Char_Danwol_01,D_01_03,C2_Sihwa_03,FALSE,TRUE,FALSE,FALSE,0,
Normal_06,73,C2_Sihwa_03,CharacterDialogue,죽은 사람은 자신을 위해 무엇이 남았는지 알 수 없으니까요.,Char_Danwol_01,D_01_03,C2_Sihwa_04,FALSE,TRUE,FALSE,FALSE,0,
Normal_06,74,C2_Sihwa_04,CharacterDialogue,자신 때문에 누가 울었는지.,Char_Danwol_01,D_01_03,C2_Sihwa_05,FALSE,TRUE,FALSE,FALSE,0,
Normal_06,75,C2_Sihwa_05,CharacterDialogue,누가 분노했는지.,Char_Danwol_01,D_01_03,C2_Sihwa_06,FALSE,TRUE,FALSE,FALSE,0,
Normal_06,76,C2_Sihwa_06,CharacterDialogue,또 누가 자신의 이름을 붙잡고 평생을 살아갔는지도요.,Char_Danwol_01,D_01_03,C2_Narration_02,FALSE,TRUE,FALSE,FALSE,0,
Normal_06,77,C2_Narration_02,Narration,(리 시화가 잠시 침묵했다.),Char_Danwol_01,D_01_00,C2_Sihwa_07,TRUE,TRUE,FALSE,FALSE,0,
Normal_06,78,C2_Sihwa_07,CharacterDialogue,그렇다면 결국 애도라는 것도 산 사람을 위한 것이겠군요.,Char_Danwol_01,D_01_00,C2_Sihwa_08,FALSE,TRUE,FALSE,FALSE,0,
Normal_06,79,C2_Sihwa_08,CharacterDialogue,남겨진 사람이 계속 살아가기 위해 필요한 것.,Char_Danwol_01,D_01_00,C2_Sihwa_09,FALSE,TRUE,FALSE,FALSE,0,
Normal_06,80,C2_Sihwa_09,CharacterDialogue,그렇게 생각하면 이해하기 어려운 일도 아니네요.,Char_Danwol_01,D_01_00,Narration_07,FALSE,TRUE,FALSE,FALSE,0,
Normal_06,81,Narration_07,Narration,(리 시화가 창문 가까이 다가갔다.),Char_Danwol_01,D_01_00,Narration_08,TRUE,TRUE,FALSE,FALSE,0,
Normal_06,82,Narration_08,Narration,(유리창 위로 빗물이 길게 흘러내리고 있었다.),Char_Danwol_01,D_01_00,Sihwa_20,TRUE,TRUE,FALSE,FALSE,0,
Normal_06,83,Sihwa_20,CharacterDialogue,사랑이라는 것도 참 번거로운 감정인 것 같아요.,Char_Danwol_01,D_01_00,Sihwa_21,FALSE,TRUE,FALSE,FALSE,0,
Normal_06,84,Sihwa_21,CharacterDialogue,사람이 살아 있을 때도 마음대로 되지 않는데.,Char_Danwol_01,D_01_00,Sihwa_22,FALSE,TRUE,FALSE,FALSE,0,
Normal_06,85,Sihwa_22,CharacterDialogue,죽고 나면 더 마음대로 되지 않으니까요.,Char_Danwol_01,D_01_00,Narration_09,FALSE,TRUE,FALSE,FALSE,0,
Normal_06,86,Narration_09,Narration,(평소의 리 시화라면 하지 않았을 법한 말이었다.),Char_Danwol_01,D_01_00,Narration_10,TRUE,TRUE,FALSE,FALSE,0,
Normal_06,87,Narration_10,Narration,(리 시화 역시 자신이 무슨 말을 했는지 깨달은 듯 잠시 침묵했다.),Char_Danwol_01,D_01_03,Sihwa_23,TRUE,TRUE,FALSE,FALSE,0,
Normal_06,88,Sihwa_23,CharacterDialogue,…제가 오늘 쓸데없는 이야기를 많이 했군요.,Char_Danwol_01,D_01_03,Narration_11,FALSE,TRUE,FALSE,FALSE,0,
Normal_06,89,Narration_11,Narration,(그녀가 다시 평소와 같은 표정으로 돌아왔다.),Char_Danwol_01,D_01_00,Sihwa_24,TRUE,TRUE,FALSE,FALSE,0,
Normal_06,90,Sihwa_24,CharacterDialogue,"어찌됐든 야서의 시작이 정말 한 사람의 죽음 때문이었다면, 지금의 야서는 만들어졌을 때와는 상당히 다른 모습이 되었겠죠.",Char_Danwol_01,D_01_00,Sihwa_25,FALSE,TRUE,FALSE,FALSE,0,
Normal_06,91,Sihwa_25,CharacterDialogue,사람을 지키기 위해 모인 이들이 이제는 사람을 죽일 각오로 싸우고 있으니까요.,Char_Danwol_01,D_01_00,Sihwa_26,FALSE,TRUE,FALSE,FALSE,0,
Normal_06,92,Sihwa_26,CharacterDialogue,그래도 그들이 아직 처음의 이유를 기억하고 있는지는 조금 궁금하네요.,Char_Danwol_01,D_01_00,Narration_12,FALSE,TRUE,FALSE,FALSE,0,
Normal_06,93,Narration_12,Narration,(리 시화가 잠시 생각에 잠겼다.),Char_Danwol_01,D_01_00,Sihwa_27,TRUE,TRUE,FALSE,FALSE,0,
Normal_06,94,Sihwa_27,CharacterDialogue,사람은 누군가를 잃으면 그 이유를 찾으려고 하니까요.,Char_Danwol_01,D_01_00,Sihwa_28,FALSE,TRUE,FALSE,FALSE,0,
Normal_06,95,Sihwa_28,CharacterDialogue,왜 죽었는지.,Char_Danwol_01,D_01_00,Sihwa_29,FALSE,TRUE,FALSE,FALSE,0,
Normal_06,96,Sihwa_29,CharacterDialogue,무엇 때문에 죽었는지.,Char_Danwol_01,D_01_00,Sihwa_30,FALSE,TRUE,FALSE,FALSE,0,
Normal_06,97,Sihwa_30,CharacterDialogue,그리고 그 죽음에 의미가 있었는지.,Char_Danwol_01,D_01_03,Narration_13,FALSE,TRUE,FALSE,FALSE,0,
Normal_06,98,Narration_13,Narration,(리 시화의 목소리가 조금 낮아졌다.),Char_Danwol_01,D_01_03,Sihwa_31,TRUE,TRUE,FALSE,FALSE,0,
Normal_06,99,Sihwa_31,CharacterDialogue,의미가 없었다고 인정해버리면.,Char_Danwol_01,D_01_03,Sihwa_32,FALSE,TRUE,FALSE,FALSE,0,
Normal_06,100,Sihwa_32,CharacterDialogue,남겨진 사람은 그다음에 무엇을 해야 할지 알 수 없게 될 테니까요.,Char_Danwol_01,D_01_03,Narration_14,FALSE,TRUE,FALSE,FALSE,0,
Normal_06,101,Narration_14,Narration,(잠시 정적이 흘렀다.),Char_Danwol_01,D_01_03,Sihwa_33,TRUE,TRUE,FALSE,FALSE,0,
Normal_06,102,Sihwa_33,CharacterDialogue,…아니.,Char_Danwol_01,D_01_02,Sihwa_34,FALSE,TRUE,FALSE,FALSE,0,
Normal_06,103,Sihwa_34,CharacterDialogue,꼭 그런 것만은 아닐지도 모르겠네요.,Char_Danwol_01,D_01_02,Narration_15,FALSE,TRUE,FALSE,FALSE,0,
Normal_06,104,Narration_15,Narration,(리 시화가 더 이상 말을 잇지 않았다.),Char_Danwol_01,D_01_02,Narration_16,TRUE,TRUE,FALSE,FALSE,0,
Normal_06,105,Narration_16,Narration,"(잠시 후, 그녀는 평소처럼 서류를 정리했다.)",Char_Danwol_01,D_01_00,Sihwa_35,TRUE,TRUE,FALSE,FALSE,0,
Normal_06,106,Sihwa_35,CharacterDialogue,치안군에 관한 자세한 사항은 따로 전달될 겁니다.,Char_Danwol_01,D_01_00,Sihwa_36,FALSE,TRUE,FALSE,FALSE,0,
Normal_06,107,Sihwa_36,CharacterDialogue,당분간은 그들과 마찰이 생기지 않도록 주의해주세요.,Char_Danwol_01,D_01_00,Sihwa_37,FALSE,TRUE,FALSE,FALSE,0,
Normal_06,108,Sihwa_37,CharacterDialogue,야서와 홍련귀 쪽에도 가능한 한 가까이 가지 마시고요.,Char_Danwol_01,D_01_00,Narration_17,FALSE,TRUE,FALSE,FALSE,0,
Normal_06,109,Narration_17,Narration,(리 시화가 사무실을 나서려다 잠시 멈춰 섰다.),Char_Danwol_01,D_01_00,Sihwa_38,TRUE,TRUE,FALSE,FALSE,0,
Normal_06,110,Sihwa_38,CharacterDialogue,{UserName}.,Char_Danwol_01,D_01_00,Narration_18,FALSE,TRUE,FALSE,FALSE,0,
Normal_06,111,Narration_18,Narration,(리 시화가 {UserName}를 돌아봤다.),Char_Danwol_01,D_01_00,Sihwa_39,TRUE,TRUE,FALSE,FALSE,0,
Normal_06,112,Sihwa_39,CharacterDialogue,지난달에 제가 사람들이 왜 포기하지 않는 것 같으냐고 물었었죠.,Char_Danwol_01,D_01_00,Sihwa_40,FALSE,TRUE,FALSE,FALSE,0,
Normal_06,113,Sihwa_40,CharacterDialogue,오늘 이야기를 하다 보니 조금 알 것 같기도 하네요.,Char_Danwol_01,D_01_00,Sihwa_41,FALSE,TRUE,FALSE,FALSE,0,
Normal_06,114,Sihwa_41,CharacterDialogue,어쩌면 사람을 움직이는 건 그렇게 거창한 이유가 아닐지도 모르겠습니다.,Char_Danwol_01,D_01_00,Sihwa_42,FALSE,TRUE,FALSE,FALSE,0,
Normal_06,115,Sihwa_42,CharacterDialogue,"세상을 바꾸겠다거나, 정의를 이루겠다거나.",Char_Danwol_01,D_01_00,Sihwa_43,FALSE,TRUE,FALSE,FALSE,0,
Normal_06,116,Sihwa_43,CharacterDialogue,처음부터 그런 것을 위해 움직이는 사람은 생각보다 많지 않을 테니까요.,Char_Danwol_01,D_01_00,Narration_19,FALSE,TRUE,FALSE,FALSE,0,
Normal_06,117,Narration_19,Narration,(리 시화가 잠시 생각하다 옅게 웃었다.),Char_Danwol_01,D_01_02,Sihwa_44,TRUE,TRUE,FALSE,FALSE,0,
Normal_06,118,Sihwa_44,CharacterDialogue,그냥 누군가를 좋아했거나.,Char_Danwol_01,D_01_02,Sihwa_45,FALSE,TRUE,FALSE,FALSE,0,
Normal_06,119,Sihwa_45,CharacterDialogue,잃고 싶지 않았거나.,Char_Danwol_01,D_01_02,Sihwa_46,FALSE,TRUE,FALSE,FALSE,0,
Normal_06,120,Sihwa_46,CharacterDialogue,잊고 싶지 않았거나.,Char_Danwol_01,D_01_02,Sihwa_47,FALSE,TRUE,FALSE,FALSE,0,
Normal_06,121,Sihwa_47,CharacterDialogue,그런 조금은 사소하고.,Char_Danwol_01,D_01_02,Sihwa_48,FALSE,TRUE,FALSE,FALSE,0,
Normal_06,122,Sihwa_48,CharacterDialogue,조금은 낭만적인 이유였을지도 모르겠네요.,Char_Danwol_01,D_01_02,Narration_20,FALSE,TRUE,FALSE,FALSE,0,
Normal_06,123,Narration_20,Narration,(리 시화는 더 이상 아무 말도 하지 않고 사무실을 떠났다.),,,Narration_21,FALSE,FALSE,FALSE,FALSE,0,
Normal_06,124,Narration_21,Narration,(창밖에서는 여전히 비가 내리고 있었다.),,,end,FALSE,FALSE,FALSE,FALSE,0,
Normal_06,125,end,End,,,,,FALSE,FALSE,FALSE,FALSE,0,
Normal_07,1,Intro_01,Narration,(최근 구룡채성에서 아이들이 연이어 사라지고 있다.),,,Intro_02,FALSE,FALSE,FALSE,FALSE,0,
Normal_07,2,Intro_02,Narration,"(처음에는 단순한 가출과 실종으로 처리되었으나, 비슷한 사건이 반복되면서 납치 가능성이 제기되었다.)",,,Intro_03,FALSE,FALSE,FALSE,FALSE,0,
Normal_07,3,Intro_03,Narration,(현재까지 사라진 아이들의 행방은 확인되지 않았다.),,,Intro_04,FALSE,FALSE,FALSE,FALSE,0,
Normal_07,4,Intro_04,Narration,"(사건에 관한 서류를 정리하던 중, {PlayerName}의 사무실 문을 누군가 두드렸다.)",,,Intro_05,FALSE,FALSE,FALSE,FALSE,0,
Normal_07,5,Intro_05,Narration,(대답이 돌아오자 문이 열렸다.),,,Intro_06,FALSE,FALSE,FALSE,FALSE,0,
Normal_07,6,Intro_06,Narration,(군복을 입은 남성이 사무실 안으로 들어왔다.),,,Intro_07,FALSE,FALSE,FALSE,FALSE,0,
Normal_07,7,Intro_07,Narration,(그가 짧게 경례했다.),,,Jianyu_01,FALSE,FALSE,FALSE,FALSE,0,
Normal_07,8,Jianyu_01,CharacterDialogue,"특별치안군 특무부대장, 위 건우입니다.",Char_Danwol_03,D_02_00,Jianyu_02,FALSE,FALSE,FALSE,FALSE,0,
Normal_07,9,Jianyu_02,CharacterDialogue,이번 아동 실종 사건과 관련하여 몇 가지 확인하겠습니다.,Char_Danwol_03,D_02_00,Narration_01,FALSE,TRUE,FALSE,FALSE,0,
Normal_07,10,Narration_01,Narration,"(정중한 말투였지만, 사무실의 공기가 이전보다 무거워진 듯했다.)",Char_Danwol_03,D_02_00,Narration_02,TRUE,TRUE,FALSE,FALSE,0,
Normal_07,11,Narration_02,Narration,(위 건우의 시선이 책상 위에 놓인 실종자 명단으로 향했다.),Char_Danwol_03,D_02_00,Jianyu_03,TRUE,TRUE,FALSE,FALSE,0,
Normal_07,12,Jianyu_03,CharacterDialogue,아직 찾지 못했습니까?,Char_Danwol_03,D_02_00,Narration_03,FALSE,TRUE,FALSE,FALSE,0,
Normal_07,13,Narration_03,Narration,(인사보다 먼저 나온 질문이었다.),Char_Danwol_03,D_02_00,Narration_04,TRUE,TRUE,FALSE,FALSE,0,
Normal_07,14,Narration_04,Narration,(위 건우가 잠시 입을 다물었다.),Char_Danwol_04,D_02_00,Jianyu_04,TRUE,TRUE,FALSE,FALSE,0,
